,Unnamed: 0,game_date,game_pk,hits,at_bats,home_runs,player_name,home_team,is_home,starting_pitcher_id,starting_pitcher_throws,batter_days_since_prev_game
0,0.0,2016-08-13 00:00:00,448611,2,4,1,"Judge, Aaron",NYY,1,542882,R,
1,1.0,2016-08-14 00:00:00,448626,1,4,1,"Judge, Aaron",NYY,1,543606,R,1.0
2,2.0,2016-08-15 00:00:00,448633,2,4,0,"Judge, Aaron",NYY,1,285079,R,1.0
3,3.0,2016-08-16 00:00:00,448648,0,4,0,"Judge, Aaron",NYY,1,462136,R,1.0
4,4.0,2016-08-17 00:00:00,448663,2,4,0,"Judge, Aaron",NYY,1,457918,L,1.0
5,5.0,2016-08-19 00:00:00,448686,0,5,0,"Judge, Aaron",LAA,0,450308,R,2.0
6,6.0,2016-08-20 00:00:00,448701,1,4,0,"Judge, Aaron",LAA,0,445060,R,1.0
7,7.0,2016-08-22 00:00:00,448729,0,4,0,"Judge, Aaron",SEA,0,592533,R,2.0
8,8.0,2016-08-23 00:00:00,448741,0,4,0,"Judge, Aaron",SEA,0,592836,R,1.0
9,9.0,2016-08-24 00:00:00,448757,0,5,0,"Judge, Aaron",SEA,0,547874,R,1.0
10,10.0,2016-08-26 00:00:00,448773,1,4,0,"Judge, Aaron",NYY,1,451596,R,2.0
11,11.0,2016-08-27 00:00:00,448788,0,1,0,"Judge, Aaron",NYY,1,542960,R,1.0
12,12.0,2016-08-28 00:00:00,448803,0,3,0,"Judge, Aaron",NYY,1,592332,R,1.0
13,13.0,2016-08-29 00:00:00,448822,0,3,0,"Judge, Aaron",KC,0,518716,R,1.0
14,14.0,2016-08-30 00:00:00,448836,1,5,1,"Judge, Aaron",KC,0,450172,R,1.0
15,15.0,2016-08-31 00:00:00,448851,0,2,0,"Judge, Aaron",KC,0,432934,R,1.0
16,16.0,2016-09-02 00:00:00,448873,0,3,0,"Judge, Aaron",BAL,0,605164,R,2.0
17,17.0,2016-09-03 00:00:00,448888,0,3,0,"Judge, Aaron",BAL,0,592332,R,1.0
18,18.0,2016-09-04 00:00:00,448903,1,4,0,"Judge, Aaron",BAL,0,489119,L,1.0
19,19.0,2016-09-05 00:00:00,448923,0,3,0,"Judge, Aaron",NYY,1,285079,R,1.0
20,20.0,2016-09-06 00:00:00,448938,1,4,0,"Judge, Aaron",NYY,1,592717,R,1.0
21,21.0,2016-09-07 00:00:00,448953,0,1,0,"Judge, Aaron",NYY,1,532077,R,1.0
22,22.0,2016-09-08 00:00:00,448959,1,3,0,"Judge, Aaron",NYY,1,502171,R,1.0
23,23.0,2016-09-09 00:00:00,448974,0,4,0,"Judge, Aaron",NYY,1,605483,L,1.0
24,24.0,2016-09-11 00:00:00,449004,1,4,0,"Judge, Aaron",NYY,1,542882,R,2.0
25,25.0,2016-09-12 00:00:00,449010,1,4,1,"Judge, Aaron",NYY,1,592254,R,1.0
26,26.0,2016-09-13 00:00:00,449025,0,2,0,"Judge, Aaron",NYY,1,628711,L,1.0
27,27.0,2017-04-02 00:00:00,490106,1,4,0,"Judge, Aaron",TB,0,502042,R,
28,28.0,2017-04-04 00:00:00,490116,1,4,0,"Judge, Aaron",TB,0,543606,R,2.0
29,29.0,2017-04-05 00:00:00,490128,0,4,0,"Judge, Aaron",TB,0,502171,R,1.0
30,30.0,2017-04-07 00:00:00,490157,0,4,0,"Judge, Aaron",BAL,0,434622,R,2.0
31,31.0,2017-04-09 00:00:00,490187,2,5,1,"Judge, Aaron",BAL,0,489119,L,2.0
32,32.0,2017-04-10 00:00:00,490202,2,4,1,"Judge, Aaron",NYY,1,502171,R,1.0
33,33.0,2017-04-12 00:00:00,490228,2,4,1,"Judge, Aaron",NYY,1,605483,L,2.0
34,34.0,2017-04-13 00:00:00,490238,0,3,0,"Judge, Aaron",NYY,1,542882,R,1.0
35,35.0,2017-04-14 00:00:00,490252,0,4,0,"Judge, Aaron",NYY,1,608379,R,1.0
36,36.0,2017-04-16 00:00:00,490282,1,4,0,"Judge, Aaron",NYY,1,425794,R,2.0
37,37.0,2017-04-17 00:00:00,490286,2,4,1,"Judge, Aaron",NYY,1,502706,L,1.0
38,38.0,2017-04-18 00:00:00,490298,0,4,0,"Judge, Aaron",NYY,1,456068,R,1.0
39,39.0,2017-04-19 00:00:00,490313,2,4,1,"Judge, Aaron",NYY,1,592229,R,1.0
40,40.0,2017-04-21 00:00:00,490345,1,5,0,"Judge, Aaron",PIT,0,607192,R,2.0
41,41.0,2017-04-22 00:00:00,490360,2,5,1,"Judge, Aaron",PIT,0,592791,R,1.0
42,42.0,2017-04-23 00:00:00,490375,1,4,0,"Judge, Aaron",PIT,0,467100,R,1.0
43,43.0,2017-04-26 00:00:00,490413,1,4,1,"Judge, Aaron",BOS,0,519144,R,3.0
44,44.0,2017-04-27 00:00:00,490424,0,4,0,"Judge, Aaron",BOS,0,519242,L,1.0
45,45.0,2017-04-28 00:00:00,490431,2,5,2,"Judge, Aaron",NYY,1,592332,R,1.0
46,46.0,2017-04-29 00:00:00,490446,2,4,1,"Judge, Aaron",NYY,1,434622,R,1.0
47,47.0,2017-04-30 00:00:00,490461,1,6,0,"Judge, Aaron",NYY,1,489119,L,1.0
48,48.0,2017-05-01 00:00:00,490485,1,4,0,"Judge, Aaron",NYY,1,462136,R,1.0
49,49.0,2017-05-02 00:00:00,490500,2,5,2,"Judge, Aaron",NYY,1,502009,R,1.0
50,50.0,2017-05-03 00:00:00,490515,3,5,1,"Judge, Aaron",NYY,1,573186,R,1.0
51,51.0,2017-05-05 00:00:00,490538,2,4,0,"Judge, Aaron",CHC,0,543294,R,2.0
52,52.0,2017-05-06 00:00:00,490553,0,5,0,"Judge, Aaron",CHC,0,474463,L,1.0
53,53.0,2017-05-07 00:00:00,490568,1,4,0,"Judge, Aaron",CHC,0,452657,L,1.0
54,54.0,2017-05-09 00:00:00,490591,1,4,0,"Judge, Aaron",CIN,0,534947,R,2.0
55,55.0,2017-05-11 00:00:00,490616,0,4,0,"Judge, Aaron",NYY,1,572971,L,2.0
56,56.0,2017-05-12 00:00:00,490629,2,4,0,"Judge, Aaron",NYY,1,621121,R,1.0
57,57.0,2017-05-14 00:00:00,490644,1,5,0,"Judge, Aaron",NYY,1,571666,R,2.0
58,58.0,2017-05-14 00:00:00,490659,1,3,1,"Judge, Aaron",NYY,1,571666,R,2.0
59,59.0,2017-05-16 00:00:00,490687,2,5,0,"Judge, Aaron",KC,0,434628,R,2.0
60,60.0,2017-05-17 00:00:00,490701,1,5,0,"Judge, Aaron",KC,0,450306,L,1.0
61,61.0,2017-05-18 00:00:00,490714,2,4,0,"Judge, Aaron",KC,0,518633,L,1.0
62,62.0,2017-05-19 00:00:00,490727,1,4,0,"Judge, Aaron",TB,0,541640,R,1.0
63,63.0,2017-05-20 00:00:00,490742,2,4,1,"Judge, Aaron",TB,0,542882,R,1.0
64,64.0,2017-05-21 00:00:00,490757,0,4,0,"Judge, Aaron",TB,0,502042,R,1.0
65,65.0,2017-05-22 00:00:00,490767,0,4,0,"Judge, Aaron",NYY,1,450306,L,1.0
66,66.0,2017-05-23 00:00:00,490776,1,4,0,"Judge, Aaron",NYY,1,518633,L,1.0
67,67.0,2017-05-24 00:00:00,490791,1,4,0,"Judge, Aaron",NYY,1,434628,R,1.0
68,68.0,2017-05-26 00:00:00,490823,2,4,0,"Judge, Aaron",NYY,1,640455,L,2.0
69,69.0,2017-05-27 00:00:00,490838,0,3,0,"Judge, Aaron",NYY,1,605194,R,1.0
70,70.0,2017-05-28 00:00:00,490853,2,4,1,"Judge, Aaron",NYY,1,592811,R,1.0
71,71.0,2017-05-29 00:00:00,490868,1,4,1,"Judge, Aaron",BAL,0,605164,R,1.0
72,72.0,2017-05-30 00:00:00,490883,2,5,0,"Judge, Aaron",BAL,0,501957,R,1.0
73,73.0,2017-05-31 00:00:00,490899,2,5,0,"Judge, Aaron",BAL,0,592332,R,1.0
74,74.0,2017-06-01 00:00:00,490910,1,5,0,"Judge, Aaron",TOR,0,462136,R,1.0
75,75.0,2017-06-02 00:00:00,490921,1,5,1,"Judge, Aaron",TOR,0,434538,L,1.0
76,76.0,2017-06-03 00:00:00,490936,1,4,0,"Judge, Aaron",TOR,0,607352,R,1.0
77,77.0,2017-06-04 00:00:00,490951,1,4,0,"Judge, Aaron",TOR,0,573186,R,1.0
78,78.0,2017-06-06 00:00:00,490964,2,5,0,"Judge, Aaron",NYY,1,519141,L,2.0
79,79.0,2017-06-07 00:00:00,490979,0,5,0,"Judge, Aaron",NYY,1,519144,R,1.0
80,80.0,2017-06-08 00:00:00,490994,3,5,0,"Judge, Aaron",NYY,1,456034,L,1.0
81,81.0,2017-06-09 00:00:00,491005,0,5,0,"Judge, Aaron",NYY,1,605164,R,1.0
82,82.0,2017-06-10 00:00:00,491020,3,5,1,"Judge, Aaron",NYY,1,501957,R,1.0
83,83.0,2017-06-11 00:00:00,491036,4,5,2,"Judge, Aaron",NYY,1,592332,R,1.0
84,84.0,2017-06-12 00:00:00,491056,2,5,1,"Judge, Aaron",LAA,0,543542,R,1.0
85,85.0,2017-06-13 00:00:00,491069,0,5,0,"Judge, Aaron",LAA,0,500724,R,1.0
86,86.0,2017-06-14 00:00:00,491085,1,5,0,"Judge, Aaron",LAA,0,533167,R,1.0
87,87.0,2017-06-15 00:00:00,491095,1,6,0,"Judge, Aaron",OAK,0,543243,R,1.0
88,88.0,2017-06-16 00:00:00,491108,2,5,1,"Judge, Aaron",OAK,0,640455,L,1.0
89,89.0,2017-06-17 00:00:00,491123,0,4,0,"Judge, Aaron",OAK,0,534910,R,1.0
90,90.0,2017-06-18 00:00:00,491138,1,4,0,"Judge, Aaron",OAK,0,605194,R,1.0
91,91.0,2017-06-20 00:00:00,491163,1,4,1,"Judge, Aaron",NYY,1,592170,R,2.0
92,92.0,2017-06-21 00:00:00,491178,1,5,0,"Judge, Aaron",NYY,1,445060,R,1.0
93,93.0,2017-06-22 00:00:00,491192,1,4,1,"Judge, Aaron",NYY,1,445926,R,1.0
94,94.0,2017-06-23 00:00:00,491211,1,4,0,"Judge, Aaron",NYY,1,506433,R,1.0
95,95.0,2017-06-24 00:00:00,491226,1,4,1,"Judge, Aaron",NYY,1,502212,R,1.0
96,96.0,2017-06-25 00:00:00,491241,2,5,0,"Judge, Aaron",NYY,1,607259,R,1.0
97,97.0,2017-06-26 00:00:00,491247,0,5,0,"Judge, Aaron",CWS,0,571787,L,1.0
98,98.0,2017-06-27 00:00:00,491259,2,4,0,"Judge, Aaron",CWS,0,500779,L,1.0
99,99.0,2017-06-28 00:00:00,491274,1,5,1,"Judge, Aaron",CWS,0,607074,L,1.0
100,100.0,2017-06-29 00:00:00,491288,0,4,0,"Judge, Aaron",CWS,0,448306,R,1.0
101,101.0,2017-06-30 00:00:00,491301,0,6,0,"Judge, Aaron",HOU,0,621121,R,1.0
102,102.0,2017-07-01 00:00:00,491316,0,1,0,"Judge, Aaron",HOU,0,571704,R,1.0
103,103.0,2017-07-02 00:00:00,491331,2,4,0,"Judge, Aaron",HOU,0,571666,R,1.0
104,104.0,2017-07-03 00:00:00,491347,2,4,0,"Judge, Aaron",NYY,1,573186,R,1.0
105,105.0,2017-07-04 00:00:00,491362,1,4,1,"Judge, Aaron",NYY,1,457918,L,1.0
106,106.0,2017-07-05 00:00:00,491377,2,4,1,"Judge, Aaron",NYY,1,462136,R,1.0
107,107.0,2017-07-07 00:00:00,491399,1,5,1,"Judge, Aaron",NYY,1,448855,R,2.0
108,108.0,2017-07-08 00:00:00,491414,1,4,0,"Judge, Aaron",NYY,1,608718,L,1.0
109,109.0,2017-07-09 00:00:00,491429,1,5,0,"Judge, Aaron",NYY,1,519076,R,1.0
110,110.0,2017-07-14 00:00:00,491441,0,4,0,"Judge, Aaron",BOS,0,519141,L,5.0
111,111.0,2017-07-15 00:00:00,491456,0,8,0,"Judge, Aaron",BOS,0,519242,L,1.0
112,112.0,2017-07-16 00:00:00,490398,1,5,0,"Judge, Aaron",BOS,0,456034,L,0.0
113,113.0,2017-07-16 00:00:00,491471,0,4,0,"Judge, Aaron",BOS,0,456034,L,0.0
114,114.0,2017-07-17 00:00:00,491484,0,3,0,"Judge, Aaron",MIN,0,606167,L,1.0
115,115.0,2017-07-18 00:00:00,491499,2,4,0,"Judge, Aaron",MIN,0,112526,R,1.0
116,116.0,2017-07-19 00:00:00,491514,0,1,0,"Judge, Aaron",MIN,0,657610,R,1.0
117,117.0,2017-07-20 00:00:00,491527,1,4,0,"Judge, Aaron",SEA,0,433587,R,1.0
118,118.0,2017-07-21 00:00:00,491539,1,4,1,"Judge, Aaron",SEA,0,621058,R,1.0
119,119.0,2017-07-22 00:00:00,491554,1,4,1,"Judge, Aaron",SEA,0,664641,L,1.0
120,120.0,2017-07-23 00:00:00,491569,0,4,0,"Judge, Aaron",SEA,0,451596,R,1.0
121,121.0,2017-07-25 00:00:00,491593,1,4,0,"Judge, Aaron",NYY,1,622491,R,2.0
122,122.0,2017-07-27 00:00:00,491626,1,5,0,"Judge, Aaron",NYY,1,502042,R,2.0
123,123.0,2017-07-28 00:00:00,491641,1,4,1,"Judge, Aaron",NYY,1,643493,R,1.0
124,124.0,2017-07-29 00:00:00,491656,0,4,0,"Judge, Aaron",NYY,1,605483,L,1.0
125,125.0,2017-07-30 00:00:00,491671,0,5,0,"Judge, Aaron",NYY,1,607188,R,1.0
126,126.0,2017-07-31 00:00:00,491674,1,4,1,"Judge, Aaron",NYY,1,605242,R,1.0
127,127.0,2017-08-01 00:00:00,491684,0,4,0,"Judge, Aaron",NYY,1,434671,R,1.0
128,128.0,2017-08-02 00:00:00,491699,1,4,0,"Judge, Aaron",NYY,1,519455,R,1.0
129,129.0,2017-08-04 00:00:00,491730,1,4,0,"Judge, Aaron",CLE,0,545333,R,2.0
130,130.0,2017-08-05 00:00:00,491745,1,4,0,"Judge, Aaron",CLE,0,517593,R,1.0
131,131.0,2017-08-06 00:00:00,491760,1,5,1,"Judge, Aaron",CLE,0,471911,R,1.0
132,132.0,2017-08-08 00:00:00,491785,0,5,0,"Judge, Aaron",TOR,0,457918,L,2.0
133,133.0,2017-08-09 00:00:00,491800,0,5,0,"Judge, Aaron",TOR,0,519344,R,1.0
134,134.0,2017-08-10 00:00:00,491815,1,4,0,"Judge, Aaron",TOR,0,462136,R,1.0
135,135.0,2017-08-11 00:00:00,491820,0,4,0,"Judge, Aaron",NYY,1,593958,L,1.0
136,136.0,2017-08-12 00:00:00,491835,0,4,0,"Judge, Aaron",NYY,1,519141,L,1.0
137,137.0,2017-08-13 00:00:00,491850,1,5,0,"Judge, Aaron",NYY,1,519242,L,1.0
138,138.0,2017-08-14 00:00:00,491869,1,4,1,"Judge, Aaron",NYY,1,606160,R,1.0
139,139.0,2017-08-15 00:00:00,491882,1,4,0,"Judge, Aaron",NYY,1,594798,R,1.0
140,140.0,2017-08-16 00:00:00,491897,2,5,1,"Judge, Aaron",NYM,0,607229,R,1.0
141,141.0,2017-08-17 00:00:00,491908,0,5,0,"Judge, Aaron",NYM,0,571927,L,1.0
142,142.0,2017-08-18 00:00:00,491921,1,5,0,"Judge, Aaron",BOS,0,519141,L,1.0
143,143.0,2017-08-19 00:00:00,491936,0,5,0,"Judge, Aaron",BOS,0,519242,L,1.0
144,144.0,2017-08-20 00:00:00,491951,0,4,0,"Judge, Aaron",BOS,0,519144,R,1.0
145,145.0,2017-08-22 00:00:00,491974,1,4,0,"Judge, Aaron",DET,0,571510,L,2.0
146,146.0,2017-08-23 00:00:00,491989,2,4,0,"Judge, Aaron",DET,0,519455,R,1.0
147,147.0,2017-08-24 00:00:00,492003,1,4,0,"Judge, Aaron",DET,0,605242,R,1.0
148,148.0,2017-08-25 00:00:00,492020,0,5,0,"Judge, Aaron",NYY,1,664641,L,1.0
149,149.0,2017-08-26 00:00:00,492035,0,5,0,"Judge, Aaron",NYY,1,451596,R,1.0
150,150.0,2017-08-27 00:00:00,492050,1,5,0,"Judge, Aaron",NYY,1,452027,L,1.0
151,151.0,2017-08-30 00:00:00,492066,1,4,0,"Judge, Aaron",NYY,1,607320,L,0.0
152,152.0,2017-08-30 00:00:00,492081,0,1,0,"Judge, Aaron",NYY,1,607320,L,0.0
153,153.0,2017-08-31 00:00:00,492094,0,4,0,"Judge, Aaron",NYY,1,593958,L,1.0
154,154.0,2017-09-01 00:00:00,492105,1,4,0,"Judge, Aaron",NYY,1,450729,R,1.0
155,155.0,2017-09-02 00:00:00,492120,0,4,0,"Judge, Aaron",NYY,1,519141,L,1.0
156,156.0,2017-09-03 00:00:00,492135,1,5,1,"Judge, Aaron",NYY,1,519242,L,1.0
157,157.0,2017-09-04 00:00:00,492156,1,5,0,"Judge, Aaron",BAL,0,605164,R,1.0
158,158.0,2017-09-05 00:00:00,492171,1,5,0,"Judge, Aaron",BAL,0,476451,R,1.0
159,159.0,2017-09-07 00:00:00,492186,1,5,1,"Judge, Aaron",BAL,0,592332,R,2.0
160,160.0,2017-09-08 00:00:00,492210,1,5,0,"Judge, Aaron",TEX,0,527048,L,1.0
161,161.0,2017-09-09 00:00:00,492225,0,4,0,"Judge, Aaron",TEX,0,488768,R,1.0
162,162.0,2017-09-10 00:00:00,492240,2,4,2,"Judge, Aaron",TEX,0,456167,R,1.0
163,163.0,2017-09-11 00:00:00,492251,0,5,0,"Judge, Aaron",TB,0,543606,R,1.0
164,164.0,2017-09-12 00:00:00,492264,0,4,0,"Judge, Aaron",TB,0,605483,L,1.0
165,165.0,2017-09-14 00:00:00,492285,3,4,2,"Judge, Aaron",NYY,1,489119,L,2.0
166,166.0,2017-09-15 00:00:00,492297,0,4,0,"Judge, Aaron",NYY,1,593679,R,1.0
167,167.0,2017-09-16 00:00:00,492312,0,4,0,"Judge, Aaron",NYY,1,476451,R,1.0
168,168.0,2017-09-17 00:00:00,492327,1,4,0,"Judge, Aaron",NYY,1,434622,R,1.0
169,169.0,2017-09-18 00:00:00,492345,1,4,1,"Judge, Aaron",NYY,1,429722,R,1.0
170,170.0,2017-09-19 00:00:00,492357,2,5,0,"Judge, Aaron",NYY,1,621244,R,1.0
171,171.0,2017-09-20 00:00:00,492372,1,5,1,"Judge, Aaron",NYY,1,112526,R,1.0
172,172.0,2017-09-22 00:00:00,492397,2,4,1,"Judge, Aaron",TOR,0,462136,R,2.0
173,173.0,2017-09-23 00:00:00,492412,1,4,0,"Judge, Aaron",TOR,0,607352,R,1.0
174,174.0,2017-09-24 00:00:00,492427,2,5,2,"Judge, Aaron",TOR,0,573186,R,1.0
175,175.0,2017-09-25 00:00:00,490806,2,5,2,"Judge, Aaron",NYY,1,596001,R,1.0
176,176.0,2017-09-26 00:00:00,492456,1,5,0,"Judge, Aaron",NYY,1,605483,L,1.0
177,177.0,2017-09-27 00:00:00,492471,1,4,0,"Judge, Aaron",NYY,1,542882,R,1.0
178,178.0,2017-09-28 00:00:00,492483,1,5,1,"Judge, Aaron",NYY,1,607188,R,1.0
179,179.0,2017-09-29 00:00:00,492498,1,4,0,"Judge, Aaron",NYY,1,607352,R,1.0
180,180.0,2017-09-30 00:00:00,492513,1,4,1,"Judge, Aaron",NYY,1,573186,R,1.0
181,181.0,2017-10-03 00:00:00,526475,2,5,1,"Judge, Aaron",NYY,1,429722,R,3.0
182,182.0,2017-10-05 00:00:00,526477,0,4,0,"Judge, Aaron",CLE,0,545333,R,2.0
183,183.0,2017-10-06 00:00:00,526478,0,7,0,"Judge, Aaron",CLE,0,446372,R,1.0
184,184.0,2017-10-08 00:00:00,526479,0,4,0,"Judge, Aaron",NYY,1,471911,R,2.0
185,185.0,2017-10-09 00:00:00,526480,1,5,0,"Judge, Aaron",NYY,1,545333,R,1.0
186,186.0,2017-10-11 00:00:00,526481,0,5,0,"Judge, Aaron",CLE,0,446372,R,2.0
187,187.0,2017-10-13 00:00:00,526497,1,4,0,"Judge, Aaron",HOU,0,572971,L,2.0
188,188.0,2017-10-14 00:00:00,526498,0,4,0,"Judge, Aaron",HOU,0,434378,R,1.0
189,189.0,2017-10-16 00:00:00,526499,1,4,1,"Judge, Aaron",NYY,1,450203,R,2.0
190,190.0,2017-10-17 00:00:00,526500,2,4,1,"Judge, Aaron",NYY,1,621121,R,1.0
191,191.0,2017-10-18 00:00:00,526501,1,4,0,"Judge, Aaron",NYY,1,572971,L,1.0
192,192.0,2017-10-20 00:00:00,526502,1,4,1,"Judge, Aaron",HOU,0,434378,R,2.0
193,193.0,2017-10-21 00:00:00,526503,0,4,0,"Judge, Aaron",HOU,0,450203,R,1.0
194,194.0,2018-04-01 00:00:00,529452,1,5,0,"Judge, Aaron",TOR,0,573186,R,1.0
195,195.0,2018-04-03 00:00:00,529468,2,5,0,"Judge, Aaron",NYY,1,502042,R,2.0
196,196.0,2018-04-04 00:00:00,529494,1,4,1,"Judge, Aaron",NYY,1,605483,L,1.0
197,197.0,2018-04-05 00:00:00,529498,1,4,1,"Judge, Aaron",NYY,1,488768,R,1.0
198,198.0,2018-04-06 00:00:00,529509,1,6,0,"Judge, Aaron",NYY,1,592332,R,1.0
199,199.0,2018-04-07 00:00:00,529519,1,5,0,"Judge, Aaron",NYY,1,501957,R,1.0
200,200.0,2018-04-08 00:00:00,529534,2,6,0,"Judge, Aaron",NYY,1,605541,R,1.0
201,201.0,2018-04-10 00:00:00,529568,3,4,1,"Judge, Aaron",BOS,0,519242,L,2.0
202,202.0,2018-04-11 00:00:00,529582,2,5,0,"Judge, Aaron",BOS,0,456034,L,1.0
203,203.0,2018-04-12 00:00:00,529593,1,4,0,"Judge, Aaron",BOS,0,519144,R,1.0
204,204.0,2018-04-13 00:00:00,529604,1,5,0,"Judge, Aaron",DET,0,571666,R,1.0
205,205.0,2018-04-16 00:00:00,529649,2,5,1,"Judge, Aaron",NYY,1,592761,L,3.0
206,206.0,2018-04-17 00:00:00,529663,0,4,0,"Judge, Aaron",NYY,1,606424,L,1.0
207,207.0,2018-04-19 00:00:00,529690,1,4,1,"Judge, Aaron",NYY,1,592717,R,2.0
208,208.0,2018-04-20 00:00:00,529704,1,5,0,"Judge, Aaron",NYY,1,462136,R,1.0
209,209.0,2018-04-21 00:00:00,529719,2,5,1,"Judge, Aaron",NYY,1,573186,R,1.0
210,210.0,2018-04-22 00:00:00,529734,0,4,0,"Judge, Aaron",NYY,1,448802,L,1.0
211,211.0,2018-04-23 00:00:00,529740,1,5,0,"Judge, Aaron",NYY,1,543606,R,1.0
212,212.0,2018-04-24 00:00:00,529753,3,5,1,"Judge, Aaron",NYY,1,621244,R,1.0
213,213.0,2018-04-25 00:00:00,529768,1,4,0,"Judge, Aaron",NYY,1,458681,R,1.0
214,214.0,2018-04-26 00:00:00,529781,0,4,0,"Judge, Aaron",NYY,1,502043,R,1.0
215,215.0,2018-04-27 00:00:00,529794,0,5,0,"Judge, Aaron",LAA,0,571760,L,1.0
216,216.0,2018-04-28 00:00:00,529809,3,6,0,"Judge, Aaron",LAA,0,572070,R,1.0
217,217.0,2018-04-29 00:00:00,529824,0,4,0,"Judge, Aaron",LAA,0,572140,L,1.0
218,218.0,2018-04-30 00:00:00,529834,0,1,0,"Judge, Aaron",HOU,0,502748,R,1.0
219,219.0,2018-05-01 00:00:00,529848,1,4,0,"Judge, Aaron",HOU,0,434378,R,1.0
220,220.0,2018-05-02 00:00:00,529863,1,4,0,"Judge, Aaron",HOU,0,572971,L,1.0
221,221.0,2018-05-03 00:00:00,529877,0,6,0,"Judge, Aaron",HOU,0,621121,R,1.0
222,222.0,2018-05-04 00:00:00,529883,2,5,1,"Judge, Aaron",NYY,1,458708,R,1.0
223,223.0,2018-05-05 00:00:00,529898,0,4,0,"Judge, Aaron",NYY,1,545333,R,1.0
224,224.0,2018-05-06 00:00:00,529914,1,4,0,"Judge, Aaron",NYY,1,605182,R,1.0
225,225.0,2018-05-08 00:00:00,529935,1,4,0,"Judge, Aaron",NYY,1,519141,L,2.0
226,226.0,2018-05-09 00:00:00,529950,3,5,1,"Judge, Aaron",NYY,1,519144,R,1.0
227,227.0,2018-05-10 00:00:00,529963,1,5,0,"Judge, Aaron",NYY,1,593958,L,1.0
228,228.0,2018-05-11 00:00:00,529980,1,5,1,"Judge, Aaron",NYY,1,608665,R,1.0
229,229.0,2018-05-12 00:00:00,529995,1,6,1,"Judge, Aaron",NYY,1,592811,R,1.0
230,230.0,2018-05-13 00:00:00,530010,2,5,0,"Judge, Aaron",NYY,1,474463,L,1.0
231,231.0,2018-05-15 00:00:00,530032,0,5,0,"Judge, Aaron",WSH,0,461829,L,2.0
232,232.0,2018-05-18 00:00:00,530071,0,4,0,"Judge, Aaron",KC,0,596001,R,3.0
233,233.0,2018-05-19 00:00:00,530086,0,5,0,"Judge, Aaron",KC,0,518633,L,1.0
234,234.0,2018-05-20 00:00:00,530101,0,5,0,"Judge, Aaron",KC,0,607215,L,1.0
235,235.0,2018-05-21 00:00:00,530114,2,5,1,"Judge, Aaron",TEX,0,112526,R,1.0
236,236.0,2018-05-22 00:00:00,530126,0,4,0,"Judge, Aaron",TEX,0,430935,L,1.0
237,237.0,2018-05-23 00:00:00,530141,2,5,1,"Judge, Aaron",TEX,0,450729,R,1.0
238,238.0,2018-05-25 00:00:00,530161,0,4,0,"Judge, Aaron",NYY,1,571760,L,2.0
239,239.0,2018-05-26 00:00:00,530176,2,4,1,"Judge, Aaron",NYY,1,642545,R,1.0
240,240.0,2018-05-27 00:00:00,530191,1,4,0,"Judge, Aaron",NYY,1,572070,R,1.0
241,241.0,2018-05-28 00:00:00,530202,0,4,0,"Judge, Aaron",NYY,1,434378,R,1.0
242,242.0,2018-05-29 00:00:00,530217,2,5,1,"Judge, Aaron",NYY,1,450203,R,1.0
243,243.0,2018-05-30 00:00:00,530232,2,4,0,"Judge, Aaron",NYY,1,572971,L,1.0
244,244.0,2018-06-01 00:00:00,530262,1,5,1,"Judge, Aaron",BAL,0,488768,R,2.0
245,245.0,2018-06-02 00:00:00,530277,1,5,0,"Judge, Aaron",BAL,0,592332,R,1.0
246,246.0,2018-06-04 00:00:00,529619,0,5,0,"Judge, Aaron",DET,0,572403,R,2.0
247,247.0,2018-06-04 00:00:00,529634,0,5,0,"Judge, Aaron",DET,0,572403,R,2.0
248,248.0,2018-06-06 00:00:00,530328,1,6,1,"Judge, Aaron",TOR,0,543208,R,2.0
249,249.0,2018-06-08 00:00:00,530352,0,4,0,"Judge, Aaron",NYM,0,594798,R,2.0
250,250.0,2018-06-09 00:00:00,530367,1,4,1,"Judge, Aaron",NYM,0,571927,L,1.0
251,251.0,2018-06-10 00:00:00,530382,0,1,0,"Judge, Aaron",NYM,0,607229,R,1.0
252,252.0,2018-06-12 00:00:00,530410,1,4,0,"Judge, Aaron",NYY,1,543699,R,2.0
253,253.0,2018-06-13 00:00:00,530425,1,4,0,"Judge, Aaron",NYY,1,607200,R,1.0
254,254.0,2018-06-14 00:00:00,530434,2,4,0,"Judge, Aaron",NYY,1,605483,L,1.0
255,255.0,2018-06-15 00:00:00,530448,2,4,0,"Judge, Aaron",NYY,1,543135,R,1.0
256,256.0,2018-06-16 00:00:00,530463,2,4,0,"Judge, Aaron",NYY,1,592773,R,1.0
257,257.0,2018-06-17 00:00:00,530478,0,4,0,"Judge, Aaron",NYY,1,521655,R,1.0
258,258.0,2018-06-18 00:00:00,530046,0,5,0,"Judge, Aaron",WSH,0,607200,R,1.0
259,259.0,2018-06-19 00:00:00,530500,1,4,0,"Judge, Aaron",NYY,1,594835,L,1.0
260,260.0,2018-06-20 00:00:00,530514,3,5,0,"Judge, Aaron",NYY,1,433587,R,1.0
261,261.0,2018-06-21 00:00:00,530525,1,4,1,"Judge, Aaron",NYY,1,572020,L,1.0
262,262.0,2018-06-22 00:00:00,530535,1,4,0,"Judge, Aaron",TB,0,592773,R,1.0
263,263.0,2018-06-23 00:00:00,530550,0,4,0,"Judge, Aaron",TB,0,521655,R,1.0
264,264.0,2018-06-24 00:00:00,530565,0,5,0,"Judge, Aaron",TB,0,542882,R,1.0
265,265.0,2018-06-25 00:00:00,530577,2,5,1,"Judge, Aaron",PHI,0,592826,R,1.0
266,266.0,2018-06-26 00:00:00,530592,1,5,0,"Judge, Aaron",PHI,0,453562,R,1.0
267,267.0,2018-06-29 00:00:00,530624,1,4,1,"Judge, Aaron",NYY,1,593958,L,3.0
268,268.0,2018-06-30 00:00:00,530639,0,4,0,"Judge, Aaron",NYY,1,519242,L,1.0
269,269.0,2018-07-01 00:00:00,530654,3,5,1,"Judge, Aaron",NYY,1,456034,L,1.0
270,270.0,2018-07-02 00:00:00,530668,1,6,1,"Judge, Aaron",NYY,1,434671,R,1.0
271,271.0,2018-07-03 00:00:00,530678,2,5,0,"Judge, Aaron",NYY,1,656794,L,1.0
272,272.0,2018-07-04 00:00:00,530693,1,4,1,"Judge, Aaron",NYY,1,527054,R,1.0
273,273.0,2018-07-06 00:00:00,530724,0,5,0,"Judge, Aaron",TOR,0,543208,R,2.0
274,274.0,2018-07-07 00:00:00,530739,1,5,1,"Judge, Aaron",TOR,0,457918,L,1.0
275,275.0,2018-07-08 00:00:00,530754,2,5,0,"Judge, Aaron",TOR,0,621366,L,1.0
276,276.0,2018-07-09 00:00:00,530249,1,4,0,"Judge, Aaron",BAL,0,606162,R,0.0
277,277.0,2018-07-09 00:00:00,530767,2,6,0,"Judge, Aaron",BAL,0,606162,R,0.0
278,278.0,2018-07-10 00:00:00,530779,1,4,0,"Judge, Aaron",BAL,0,488768,R,1.0
279,279.0,2018-07-11 00:00:00,530794,1,6,0,"Judge, Aaron",BAL,0,605164,R,1.0
280,280.0,2018-07-12 00:00:00,530805,1,5,0,"Judge, Aaron",CLE,0,446372,R,1.0
281,281.0,2018-07-13 00:00:00,530818,0,4,0,"Judge, Aaron",CLE,0,669456,R,1.0
282,282.0,2018-07-14 00:00:00,530833,1,4,0,"Judge, Aaron",CLE,0,605182,R,1.0
283,283.0,2018-07-15 00:00:00,530848,1,4,0,"Judge, Aaron",CLE,0,545333,R,1.0
284,284.0,2018-07-20 00:00:00,530868,3,5,0,"Judge, Aaron",NYY,1,592789,R,5.0
285,285.0,2018-07-21 00:00:00,530883,3,4,1,"Judge, Aaron",NYY,1,571927,L,1.0
286,286.0,2018-07-23 00:00:00,530910,0,5,0,"Judge, Aaron",TB,0,621056,R,2.0
287,287.0,2018-07-24 00:00:00,530924,1,4,0,"Judge, Aaron",TB,0,630023,R,1.0
288,288.0,2018-07-25 00:00:00,530938,1,4,0,"Judge, Aaron",TB,0,592773,R,1.0
289,289.0,2018-07-26 00:00:00,530947,1,2,0,"Judge, Aaron",NYY,1,596001,R,1.0
290,290.0,2018-09-18 00:00:00,531661,0,4,0,"Judge, Aaron",NYY,1,543135,R,54.0
291,291.0,2018-09-19 00:00:00,531676,1,4,0,"Judge, Aaron",NYY,1,456034,L,1.0
292,292.0,2018-09-20 00:00:00,531690,0,5,0,"Judge, Aaron",NYY,1,593958,L,1.0
293,293.0,2018-09-21 00:00:00,531698,2,5,0,"Judge, Aaron",NYY,1,606162,R,1.0
294,294.0,2018-09-22 00:00:00,531713,0,5,0,"Judge, Aaron",NYY,1,605276,R,1.0
295,295.0,2018-09-23 00:00:00,531728,0,1,0,"Judge, Aaron",NYY,1,656945,L,1.0
296,296.0,2018-09-24 00:00:00,531749,1,5,0,"Judge, Aaron",TB,0,650895,R,1.0
297,297.0,2018-09-25 00:00:00,531764,1,5,0,"Judge, Aaron",TB,0,607188,R,1.0
298,298.0,2018-09-26 00:00:00,531779,2,5,0,"Judge, Aaron",TB,0,592773,R,1.0
299,299.0,2018-09-27 00:00:00,531789,0,4,0,"Judge, Aaron",TB,0,621289,R,1.0
300,300.0,2018-09-28 00:00:00,531801,2,5,1,"Judge, Aaron",BOS,0,598271,L,1.0
301,301.0,2018-09-30 00:00:00,531831,0,3,0,"Judge, Aaron",BOS,0,519144,R,2.0
302,302.0,2018-10-03 00:00:00,563346,2,4,1,"Judge, Aaron",NYY,1,521230,R,3.0
303,303.0,2018-10-05 00:00:00,563348,3,5,1,"Judge, Aaron",BOS,0,519242,L,2.0
304,304.0,2018-10-06 00:00:00,563374,2,5,1,"Judge, Aaron",BOS,0,456034,L,1.0
305,305.0,2018-10-08 00:00:00,563375,1,4,0,"Judge, Aaron",NYY,1,543135,R,2.0
306,306.0,2018-10-09 00:00:00,563376,0,4,0,"Judge, Aaron",NYY,1,519144,R,1.0
307,307.0,2019-04-01 00:00:00,567459,1,4,0,"Judge, Aaron",NYY,1,475115,R,1.0
308,308.0,2019-04-02 00:00:00,567460,1,3,0,"Judge, Aaron",NYY,1,519455,R,1.0
309,309.0,2019-04-03 00:00:00,567461,1,4,0,"Judge, Aaron",NYY,1,571510,L,1.0
310,310.0,2019-04-04 00:00:00,564930,0,5,0,"Judge, Aaron",BAL,0,502171,R,1.0
311,311.0,2019-04-06 00:00:00,564931,2,5,2,"Judge, Aaron",BAL,0,605164,R,2.0
312,312.0,2019-04-07 00:00:00,564932,0,5,0,"Judge, Aaron",BAL,0,605276,R,1.0
313,313.0,2019-04-08 00:00:00,565609,2,5,1,"Judge, Aaron",HOU,0,434378,R,1.0
314,314.0,2019-04-09 00:00:00,565610,1,4,0,"Judge, Aaron",HOU,0,543037,R,1.0
315,315.0,2019-04-10 00:00:00,565611,1,5,0,"Judge, Aaron",HOU,0,543521,R,1.0
316,316.0,2019-04-12 00:00:00,567462,0,4,0,"Judge, Aaron",NYY,1,608337,R,2.0
317,317.0,2019-04-13 00:00:00,567463,1,4,1,"Judge, Aaron",NYY,1,467100,R,1.0
318,318.0,2019-04-14 00:00:00,567464,1,4,0,"Judge, Aaron",NYY,1,607074,L,1.0
319,319.0,2019-04-16 00:00:00,567465,2,5,0,"Judge, Aaron",NYY,1,519242,L,2.0
320,320.0,2019-04-17 00:00:00,567466,0,4,0,"Judge, Aaron",NYY,1,543135,R,1.0
321,321.0,2019-04-18 00:00:00,567467,1,4,0,"Judge, Aaron",NYY,1,456701,R,1.0
322,322.0,2019-04-19 00:00:00,567468,1,4,0,"Judge, Aaron",NYY,1,596001,R,1.0
323,323.0,2019-04-20 00:00:00,567469,2,4,1,"Judge, Aaron",NYY,1,641571,R,1.0
324,324.0,2019-06-21 00:00:00,567497,0,4,0,"Judge, Aaron",NYY,1,502748,R,62.0
325,325.0,2019-06-22 00:00:00,567498,0,4,0,"Judge, Aaron",NYY,1,489119,L,1.0
326,326.0,2019-06-23 00:00:00,567499,0,4,0,"Judge, Aaron",NYY,1,434378,R,1.0
327,327.0,2019-06-25 00:00:00,567501,2,4,1,"Judge, Aaron",NYY,1,453385,L,2.0
328,328.0,2019-06-26 00:00:00,567502,3,5,0,"Judge, Aaron",NYY,1,663423,R,1.0
329,329.0,2019-06-29 00:00:00,565067,2,5,1,"Judge, Aaron",BOS,0,519144,R,3.0
330,330.0,2019-06-30 00:00:00,565068,1,4,0,"Judge, Aaron",BOS,0,593958,L,1.0
331,331.0,2019-07-02 00:00:00,566028,0,4,0,"Judge, Aaron",NYM,0,554430,R,2.0
332,332.0,2019-07-03 00:00:00,566029,1,5,0,"Judge, Aaron",NYM,0,450306,L,1.0
333,333.0,2019-07-04 00:00:00,566708,0,1,0,"Judge, Aaron",TB,0,543118,R,1.0
334,334.0,2019-07-05 00:00:00,566709,2,5,2,"Judge, Aaron",TB,0,656713,L,1.0
335,335.0,2019-07-06 00:00:00,566710,0,5,0,"Judge, Aaron",TB,0,605483,L,1.0
336,336.0,2019-07-07 00:00:00,566711,0,4,0,"Judge, Aaron",TB,0,450203,R,1.0
337,337.0,2019-07-12 00:00:00,567503,1,4,0,"Judge, Aaron",NYY,1,592717,R,5.0
338,338.0,2019-07-13 00:00:00,567504,4,5,0,"Judge, Aaron",NYY,1,453385,L,1.0
339,339.0,2019-07-14 00:00:00,567505,2,4,0,"Judge, Aaron",NYY,1,573186,R,1.0
340,340.0,2019-07-15 00:00:00,567506,0,5,0,"Judge, Aaron",NYY,1,605483,L,1.0
341,341.0,2019-07-16 00:00:00,567507,2,4,1,"Judge, Aaron",NYY,1,592773,R,1.0
342,342.0,2019-07-18 00:00:00,567508,0,4,0,"Judge, Aaron",NYY,1,630023,R,2.0
343,343.0,2019-07-18 00:00:00,567509,1,4,0,"Judge, Aaron",NYY,1,630023,R,2.0
344,344.0,2019-07-19 00:00:00,567510,1,5,1,"Judge, Aaron",NYY,1,607536,L,1.0
345,345.0,2019-07-20 00:00:00,567511,1,4,0,"Judge, Aaron",NYY,1,622608,R,1.0
346,346.0,2019-07-21 00:00:00,567512,1,4,0,"Judge, Aaron",NYY,1,608566,R,1.0
347,347.0,2019-07-22 00:00:00,567011,1,5,0,"Judge, Aaron",MIN,0,527048,L,1.0
348,348.0,2019-07-23 00:00:00,567012,3,6,0,"Judge, Aaron",MIN,0,502043,R,1.0
349,349.0,2019-07-24 00:00:00,567013,2,5,0,"Judge, Aaron",MIN,0,543606,R,1.0
350,350.0,2019-07-25 00:00:00,565076,0,4,0,"Judge, Aaron",BOS,0,519144,R,1.0
351,351.0,2019-07-26 00:00:00,565077,1,5,0,"Judge, Aaron",BOS,0,488768,R,1.0
352,352.0,2019-07-27 00:00:00,565078,0,5,0,"Judge, Aaron",BOS,0,593958,L,1.0
353,353.0,2019-07-28 00:00:00,565079,0,5,0,"Judge, Aaron",BOS,0,519242,L,1.0
354,354.0,2019-07-30 00:00:00,567513,0,4,0,"Judge, Aaron",NYY,1,664199,R,2.0
355,355.0,2019-07-31 00:00:00,567514,1,4,0,"Judge, Aaron",NYY,1,425844,R,1.0
356,356.0,2019-08-02 00:00:00,567515,1,4,0,"Judge, Aaron",NYY,1,593958,L,2.0
357,357.0,2019-08-03 00:00:00,567487,2,5,0,"Judge, Aaron",NYY,1,598271,L,0.0
358,358.0,2019-08-03 00:00:00,567516,1,4,0,"Judge, Aaron",NYY,1,598271,L,0.0
359,359.0,2019-08-04 00:00:00,567517,1,5,1,"Judge, Aaron",NYY,1,456034,L,1.0
360,360.0,2019-08-05 00:00:00,564985,1,5,0,"Judge, Aaron",BAL,0,593679,R,1.0
361,361.0,2019-08-06 00:00:00,564986,0,4,0,"Judge, Aaron",BAL,0,592879,R,1.0
362,362.0,2019-08-07 00:00:00,564987,1,5,0,"Judge, Aaron",BAL,0,607644,L,1.0
363,363.0,2019-08-08 00:00:00,566918,0,5,0,"Judge, Aaron",TOR,0,623381,L,1.0
364,364.0,2019-08-09 00:00:00,566919,0,2,0,"Judge, Aaron",TOR,0,656887,R,1.0
365,365.0,2019-08-10 00:00:00,566920,1,4,0,"Judge, Aaron",TOR,0,521655,R,1.0
366,366.0,2019-08-11 00:00:00,566921,1,4,0,"Judge, Aaron",TOR,0,663423,R,1.0
367,367.0,2019-08-12 00:00:00,567518,0,5,0,"Judge, Aaron",NYY,1,621389,L,1.0
368,368.0,2019-08-13 00:00:00,567519,1,5,0,"Judge, Aaron",NYY,1,607644,L,1.0
369,369.0,2019-08-14 00:00:00,567520,0,4,0,"Judge, Aaron",NYY,1,605164,R,1.0
370,370.0,2019-08-15 00:00:00,567521,0,5,0,"Judge, Aaron",NYY,1,592644,R,1.0
371,371.0,2019-08-16 00:00:00,567522,2,4,0,"Judge, Aaron",NYY,1,650644,R,1.0
372,372.0,2019-08-18 00:00:00,567524,2,5,0,"Judge, Aaron",NYY,1,605182,R,2.0
373,373.0,2019-08-20 00:00:00,566148,1,4,1,"Judge, Aaron",OAK,0,456701,R,2.0
374,374.0,2019-08-21 00:00:00,566149,0,5,0,"Judge, Aaron",OAK,0,571666,R,1.0
375,375.0,2019-08-22 00:00:00,566150,2,4,0,"Judge, Aaron",OAK,0,543699,R,1.0
376,376.0,2019-08-23 00:00:00,565866,3,5,1,"Judge, Aaron",LAD,0,547943,L,1.0
377,377.0,2019-08-24 00:00:00,565867,1,4,1,"Judge, Aaron",LAD,0,664062,R,1.0
378,378.0,2019-08-25 00:00:00,565868,1,4,1,"Judge, Aaron",LAD,0,477132,L,1.0
379,379.0,2019-08-26 00:00:00,566438,1,4,0,"Judge, Aaron",SEA,0,605538,R,1.0
380,380.0,2019-08-27 00:00:00,566439,2,5,1,"Judge, Aaron",SEA,0,579328,L,1.0
381,381.0,2019-08-28 00:00:00,566440,3,5,1,"Judge, Aaron",SEA,0,656954,L,1.0
382,382.0,2019-08-30 00:00:00,567525,2,4,0,"Judge, Aaron",NYY,1,474463,L,2.0
383,383.0,2019-08-31 00:00:00,567526,1,4,1,"Judge, Aaron",NYY,1,456701,R,1.0
384,384.0,2019-09-01 00:00:00,567527,0,4,0,"Judge, Aaron",NYY,1,640455,L,1.0
385,385.0,2019-09-02 00:00:00,567528,0,4,0,"Judge, Aaron",NYY,1,501985,L,1.0
386,386.0,2019-09-03 00:00:00,567529,1,4,0,"Judge, Aaron",NYY,1,450172,R,1.0
387,387.0,2019-09-04 00:00:00,567530,1,4,1,"Judge, Aaron",NYY,1,458681,R,1.0
388,388.0,2019-09-06 00:00:00,565098,0,4,0,"Judge, Aaron",BOS,0,468504,R,2.0
389,389.0,2019-09-07 00:00:00,565099,0,5,0,"Judge, Aaron",BOS,0,664042,R,1.0
390,390.0,2019-09-08 00:00:00,565100,2,5,1,"Judge, Aaron",BOS,0,519144,R,1.0
391,391.0,2019-09-09 00:00:00,565101,2,5,0,"Judge, Aaron",BOS,0,593958,L,1.0
392,392.0,2019-09-12 00:00:00,565579,1,5,1,"Judge, Aaron",DET,0,605513,R,0.0
393,393.0,2019-09-12 00:00:00,565580,1,5,0,"Judge, Aaron",DET,0,605513,R,0.0
394,394.0,2019-09-13 00:00:00,566936,0,1,0,"Judge, Aaron",TOR,0,521655,R,1.0
395,395.0,2019-09-14 00:00:00,566937,1,5,0,"Judge, Aaron",TOR,0,621097,R,1.0
396,396.0,2019-09-15 00:00:00,566938,1,5,1,"Judge, Aaron",TOR,0,521655,R,1.0
397,397.0,2019-09-17 00:00:00,567531,0,5,0,"Judge, Aaron",NYY,1,598287,R,2.0
398,398.0,2019-09-18 00:00:00,567532,1,4,1,"Judge, Aaron",NYY,1,596071,L,1.0
399,399.0,2019-09-20 00:00:00,567534,2,4,1,"Judge, Aaron",NYY,1,621097,R,2.0
400,400.0,2019-09-21 00:00:00,567535,1,5,0,"Judge, Aaron",NYY,1,643615,R,1.0
401,401.0,2019-09-22 00:00:00,567536,2,4,1,"Judge, Aaron",NYY,1,521655,R,1.0
402,402.0,2019-09-24 00:00:00,566743,1,5,0,"Judge, Aaron",TB,0,630023,R,2.0
403,403.0,2019-09-25 00:00:00,566744,0,4,0,"Judge, Aaron",TB,0,450203,R,1.0
404,404.0,2019-09-28 00:00:00,566847,1,3,0,"Judge, Aaron",TEX,0,608652,R,3.0
405,405.0,2019-09-29 00:00:00,566848,1,3,1,"Judge, Aaron",TEX,0,458681,R,1.0
406,406.0,2019-10-04 00:00:00,599342,1,5,0,"Judge, Aaron",NYY,1,621244,R,5.0
407,407.0,2019-10-05 00:00:00,599343,2,5,0,"Judge, Aaron",NYY,1,677976,R,1.0
408,408.0,2019-10-07 00:00:00,599344,0,4,0,"Judge, Aaron",MIN,0,543606,R,2.0
409,409.0,2019-10-12 00:00:00,599357,2,5,0,"Judge, Aaron",HOU,0,425844,R,5.0
410,410.0,2019-10-13 00:00:00,599358,1,5,1,"Judge, Aaron",HOU,0,434378,R,1.0
411,411.0,2019-10-15 00:00:00,599359,1,4,0,"Judge, Aaron",NYY,1,543037,R,2.0
412,412.0,2019-10-17 00:00:00,599360,0,5,0,"Judge, Aaron",NYY,1,425844,R,2.0
413,413.0,2019-10-18 00:00:00,599361,1,4,0,"Judge, Aaron",NYY,1,434378,R,1.0
414,414.0,2019-10-19 00:00:00,599362,1,5,0,"Judge, Aaron",HOU,0,502748,R,1.0
415,415.0,2020-07-19 00:00:00,634678,2,4,2,"Judge, Aaron",NYY,1,621261,R,
416,416.0,2020-07-20 00:00:00,632172,1,3,1,"Judge, Aaron",NYY,1,592826,R,
417,417.0,2020-07-23 00:00:00,630851,2,3,0,"Judge, Aaron",WSH,0,453286,R,
418,418.0,2020-07-25 00:00:00,630899,0,5,0,"Judge, Aaron",WSH,0,607200,R,2.0
419,419.0,2020-07-26 00:00:00,630856,0,4,0,"Judge, Aaron",WSH,0,571578,L,1.0
420,420.0,2020-07-29 00:00:00,630495,2,5,1,"Judge, Aaron",BAL,0,592879,R,3.0
421,421.0,2020-07-30 00:00:00,630496,1,5,1,"Judge, Aaron",BAL,0,607644,L,1.0
422,422.0,2020-07-31 00:00:00,631222,1,5,1,"Judge, Aaron",NYY,1,543901,R,1.0
423,423.0,2020-08-01 00:00:00,631224,1,4,1,"Judge, Aaron",NYY,1,643327,R,1.0
424,424.0,2020-08-02 00:00:00,631210,2,5,2,"Judge, Aaron",NYY,1,592169,R,1.0
425,425.0,2020-08-03 00:00:00,631219,2,4,0,"Judge, Aaron",NYY,1,453562,R,1.0
426,426.0,2020-08-05 00:00:00,631127,1,3,0,"Judge, Aaron",PHI,0,605400,R,2.0
427,427.0,2020-08-05 00:00:00,631220,1,4,1,"Judge, Aaron",PHI,0,605400,R,2.0
428,428.0,2020-08-06 00:00:00,631129,0,1,0,"Judge, Aaron",PHI,0,593576,R,1.0
429,429.0,2020-08-07 00:00:00,630974,0,4,0,"Judge, Aaron",TB,0,605483,L,1.0
430,430.0,2020-08-08 00:00:00,630962,3,4,1,"Judge, Aaron",TB,0,607192,R,1.0
431,431.0,2020-08-08 00:00:00,630973,1,4,0,"Judge, Aaron",TB,0,607192,R,1.0
432,432.0,2020-08-09 00:00:00,630946,0,5,0,"Judge, Aaron",TB,0,450203,R,1.0
433,433.0,2020-08-11 00:00:00,631192,1,3,1,"Judge, Aaron",NYY,1,657053,R,2.0
434,434.0,2020-08-26 00:00:00,630360,1,3,0,"Judge, Aaron",ATL,0,608331,L,15.0
435,435.0,2020-09-16 00:00:00,631189,0,4,0,"Judge, Aaron",NYY,1,543699,R,21.0
436,436.0,2020-09-18 00:00:00,631627,1,6,0,"Judge, Aaron",BOS,0,527048,L,2.0
437,437.0,2020-09-19 00:00:00,631628,0,5,0,"Judge, Aaron",BOS,0,607391,R,1.0
438,438.0,2020-09-21 00:00:00,630876,1,4,0,"Judge, Aaron",TOR,0,533167,R,2.0
439,439.0,2020-09-22 00:00:00,630881,3,5,0,"Judge, Aaron",TOR,0,543699,R,1.0
440,440.0,2020-09-23 00:00:00,630885,0,4,0,"Judge, Aaron",TOR,0,592662,L,1.0
441,441.0,2020-09-24 00:00:00,630887,0,2,0,"Judge, Aaron",TOR,0,547943,L,1.0
442,442.0,2020-09-25 00:00:00,631191,2,4,0,"Judge, Aaron",NYY,1,645261,R,1.0
443,443.0,2020-09-26 00:00:00,631193,0,5,0,"Judge, Aaron",NYY,1,669432,L,1.0
444,444.0,2020-09-27 00:00:00,631188,0,4,0,"Judge, Aaron",NYY,1,570632,R,1.0
445,445.0,2020-09-29 00:00:00,635904,1,5,1,"Judge, Aaron",CLE,0,669456,R,2.0
446,446.0,2020-09-30 00:00:00,635903,0,6,0,"Judge, Aaron",CLE,0,471911,R,1.0
447,447.0,2020-10-05 00:00:00,635901,1,5,1,"Judge, Aaron",TB,0,605483,L,5.0
448,448.0,2020-10-06 00:00:00,635900,0,5,0,"Judge, Aaron",TB,0,607192,R,1.0
449,449.0,2020-10-07 00:00:00,635899,1,5,0,"Judge, Aaron",NYY,1,450203,R,1.0
450,450.0,2020-10-08 00:00:00,635938,0,5,0,"Judge, Aaron",NYY,1,657044,R,1.0
451,451.0,2020-10-09 00:00:00,635920,1,4,1,"Judge, Aaron",TB,0,607192,R,1.0
452,452.0,2021-04-01 00:00:00,634642,1,5,0,"Judge, Aaron",NYY,1,547943,L,
453,453.0,2021-04-03 00:00:00,634644,2,5,0,"Judge, Aaron",NYY,1,548389,R,2.0
454,454.0,2021-04-04 00:00:00,634607,0,4,0,"Judge, Aaron",NYY,1,643615,R,1.0
455,455.0,2021-04-05 00:00:00,634587,2,4,1,"Judge, Aaron",NYY,1,605347,R,1.0
456,456.0,2021-04-06 00:00:00,634599,3,5,1,"Judge, Aaron",NYY,1,665152,R,1.0
457,457.0,2021-04-10 00:00:00,632217,1,4,0,"Judge, Aaron",TB,0,502042,R,4.0
458,458.0,2021-04-11 00:00:00,632232,0,5,0,"Judge, Aaron",TB,0,641703,R,1.0
459,459.0,2021-04-12 00:00:00,632203,0,4,0,"Judge, Aaron",TOR,0,592662,L,1.0
460,460.0,2021-04-13 00:00:00,634569,0,4,0,"Judge, Aaron",TOR,0,547943,L,1.0
461,461.0,2021-04-14 00:00:00,634513,3,4,2,"Judge, Aaron",TOR,0,643615,R,1.0
462,462.0,2021-04-16 00:00:00,634464,0,4,0,"Judge, Aaron",NYY,1,608379,R,2.0
463,463.0,2021-04-17 00:00:00,634500,1,4,0,"Judge, Aaron",NYY,1,607192,R,1.0
464,464.0,2021-04-18 00:00:00,634458,0,4,0,"Judge, Aaron",NYY,1,552640,R,1.0
465,465.0,2021-04-20 00:00:00,634422,1,4,0,"Judge, Aaron",NYY,1,450203,R,2.0
466,466.0,2021-04-21 00:00:00,634504,1,4,0,"Judge, Aaron",NYY,1,666120,R,1.0
467,467.0,2021-04-22 00:00:00,634436,0,5,0,"Judge, Aaron",CLE,0,650644,R,1.0
468,468.0,2021-04-23 00:00:00,634437,0,4,0,"Judge, Aaron",CLE,0,663531,L,1.0
469,469.0,2021-04-24 00:00:00,634486,1,4,0,"Judge, Aaron",CLE,0,669456,R,1.0
470,470.0,2021-04-25 00:00:00,634372,1,5,0,"Judge, Aaron",CLE,0,663474,R,1.0
471,471.0,2021-04-26 00:00:00,634433,1,4,0,"Judge, Aaron",BAL,0,518774,R,1.0
472,472.0,2021-04-27 00:00:00,634387,2,5,1,"Judge, Aaron",BAL,0,669145,L,1.0
473,473.0,2021-04-29 00:00:00,634300,0,1,0,"Judge, Aaron",BAL,0,643316,L,2.0
474,474.0,2021-04-30 00:00:00,634327,2,4,2,"Judge, Aaron",NYY,1,669373,L,1.0
475,475.0,2021-05-01 00:00:00,634295,3,5,0,"Judge, Aaron",NYY,1,605513,R,1.0
476,476.0,2021-05-02 00:00:00,634311,0,3,0,"Judge, Aaron",NYY,1,570632,R,1.0
477,477.0,2021-05-04 00:00:00,634269,1,5,0,"Judge, Aaron",NYY,1,425844,R,2.0
478,478.0,2021-05-05 00:00:00,634217,0,5,0,"Judge, Aaron",NYY,1,677651,R,1.0
479,479.0,2021-05-06 00:00:00,634224,0,4,0,"Judge, Aaron",NYY,1,621121,R,1.0
480,480.0,2021-05-07 00:00:00,634234,0,4,0,"Judge, Aaron",NYY,1,571578,L,1.0
481,481.0,2021-05-08 00:00:00,634221,1,5,0,"Judge, Aaron",NYY,1,453286,R,1.0
482,482.0,2021-05-09 00:00:00,634218,0,1,0,"Judge, Aaron",NYY,1,543272,L,1.0
483,483.0,2021-05-11 00:00:00,634169,2,4,1,"Judge, Aaron",TB,0,672715,R,2.0
484,484.0,2021-05-12 00:00:00,634210,3,4,0,"Judge, Aaron",TB,0,543521,R,1.0
485,485.0,2021-05-13 00:00:00,634126,1,4,0,"Judge, Aaron",TB,0,448179,L,1.0
486,486.0,2021-05-14 00:00:00,634146,2,4,2,"Judge, Aaron",BAL,0,665152,R,1.0
487,487.0,2021-05-15 00:00:00,634104,2,5,1,"Judge, Aaron",BAL,0,605347,R,1.0
488,488.0,2021-05-16 00:00:00,634086,2,4,1,"Judge, Aaron",BAL,0,592644,R,1.0
489,489.0,2021-05-17 00:00:00,634099,0,4,0,"Judge, Aaron",TEX,0,543475,R,1.0
490,490.0,2021-05-18 00:00:00,634067,2,5,0,"Judge, Aaron",TEX,0,592314,R,1.0
491,491.0,2021-05-19 00:00:00,634168,1,4,0,"Judge, Aaron",TEX,0,660365,L,1.0
492,492.0,2021-05-20 00:00:00,634047,1,2,0,"Judge, Aaron",TEX,0,667463,L,1.0
493,493.0,2021-05-21 00:00:00,634014,2,4,0,"Judge, Aaron",NYY,1,607074,L,1.0
494,494.0,2021-05-22 00:00:00,634035,2,5,0,"Judge, Aaron",NYY,1,656302,R,1.0
495,495.0,2021-05-23 00:00:00,634009,1,5,0,"Judge, Aaron",NYY,1,572971,L,1.0
496,496.0,2021-05-25 00:00:00,633956,1,4,0,"Judge, Aaron",NYY,1,571927,L,2.0
497,497.0,2021-05-27 00:00:00,633910,1,3,1,"Judge, Aaron",NYY,1,666201,R,2.0
498,498.0,2021-05-27 00:00:00,633974,0,3,0,"Judge, Aaron",NYY,1,666201,R,2.0
499,499.0,2021-05-28 00:00:00,633961,2,5,0,"Judge, Aaron",DET,0,663554,R,1.0
500,500.0,2021-05-29 00:00:00,633949,0,4,0,"Judge, Aaron",DET,0,605513,R,1.0
501,501.0,2021-05-30 00:00:00,633854,1,5,0,"Judge, Aaron",DET,0,669373,L,1.0
502,502.0,2021-05-31 00:00:00,633898,1,4,0,"Judge, Aaron",NYY,1,448179,L,1.0
503,503.0,2021-06-01 00:00:00,633861,0,4,0,"Judge, Aaron",NYY,1,607192,R,1.0
504,504.0,2021-06-02 00:00:00,633882,0,4,0,"Judge, Aaron",NYY,1,663556,L,1.0
505,505.0,2021-06-03 00:00:00,633819,1,4,0,"Judge, Aaron",NYY,1,642232,L,1.0
506,506.0,2021-06-04 00:00:00,633824,2,4,1,"Judge, Aaron",NYY,1,543135,R,1.0
507,507.0,2021-06-05 00:00:00,633852,0,4,0,"Judge, Aaron",NYY,1,593958,L,1.0
508,508.0,2021-06-06 00:00:00,633812,2,5,0,"Judge, Aaron",NYY,1,572070,R,1.0
509,509.0,2021-06-08 00:00:00,633804,0,5,0,"Judge, Aaron",MIN,0,501381,R,2.0
510,510.0,2021-06-09 00:00:00,633792,2,4,1,"Judge, Aaron",MIN,0,677976,R,1.0
511,511.0,2021-06-10 00:00:00,633790,1,5,0,"Judge, Aaron",MIN,0,457918,L,1.0
512,512.0,2021-06-12 00:00:00,633763,1,5,0,"Judge, Aaron",PHI,0,592826,R,2.0
513,513.0,2021-06-15 00:00:00,633653,0,5,0,"Judge, Aaron",TOR,0,547943,L,3.0
514,514.0,2021-06-16 00:00:00,633695,1,4,0,"Judge, Aaron",TOR,0,548389,R,1.0
515,515.0,2021-06-17 00:00:00,633633,1,5,0,"Judge, Aaron",TOR,0,643615,R,1.0
516,516.0,2021-06-18 00:00:00,633609,1,4,0,"Judge, Aaron",NYY,1,621076,R,1.0
517,517.0,2021-06-19 00:00:00,633606,2,5,0,"Judge, Aaron",NYY,1,605135,R,1.0
518,518.0,2021-06-20 00:00:00,633575,0,4,0,"Judge, Aaron",NYY,1,640455,L,1.0
519,519.0,2021-06-22 00:00:00,633621,2,5,0,"Judge, Aaron",NYY,1,663903,R,2.0
520,520.0,2021-06-23 00:00:00,633551,0,5,0,"Judge, Aaron",NYY,1,518633,L,1.0
521,521.0,2021-06-24 00:00:00,633559,3,5,1,"Judge, Aaron",NYY,1,641745,R,1.0
522,522.0,2021-06-25 00:00:00,633543,0,4,0,"Judge, Aaron",BOS,0,527048,L,1.0
523,523.0,2021-06-26 00:00:00,633531,2,5,0,"Judge, Aaron",BOS,0,543135,R,1.0
524,524.0,2021-06-27 00:00:00,633477,1,4,1,"Judge, Aaron",BOS,0,593958,L,1.0
525,525.0,2021-06-28 00:00:00,633601,1,4,0,"Judge, Aaron",NYY,1,605164,R,1.0
526,526.0,2021-06-29 00:00:00,633444,1,5,1,"Judge, Aaron",NYY,1,571760,L,1.0
527,527.0,2021-07-03 00:00:00,633440,1,4,1,"Judge, Aaron",NYY,1,592836,R,4.0
528,528.0,2021-07-04 00:00:00,633417,0,3,0,"Judge, Aaron",NYY,1,621261,R,0.0
529,529.0,2021-07-04 00:00:00,633522,2,4,0,"Judge, Aaron",NYY,1,621261,R,0.0
530,530.0,2021-07-06 00:00:00,633382,2,6,0,"Judge, Aaron",SEA,0,656954,L,2.0
531,531.0,2021-07-07 00:00:00,633371,2,5,1,"Judge, Aaron",SEA,0,579328,L,1.0
532,532.0,2021-07-08 00:00:00,633315,0,4,0,"Judge, Aaron",SEA,0,669302,R,1.0
533,533.0,2021-07-09 00:00:00,633348,2,5,0,"Judge, Aaron",HOU,0,543606,R,1.0
534,534.0,2021-07-10 00:00:00,633304,1,4,1,"Judge, Aaron",HOU,0,425844,R,1.0
535,535.0,2021-07-11 00:00:00,633340,0,6,0,"Judge, Aaron",HOU,0,664285,L,1.0
536,536.0,2021-07-27 00:00:00,633143,1,5,0,"Judge, Aaron",TB,0,663556,L,16.0
537,537.0,2021-07-28 00:00:00,633122,1,3,0,"Judge, Aaron",TB,0,608379,R,1.0
538,538.0,2021-07-29 00:00:00,633104,1,3,0,"Judge, Aaron",TB,0,672715,R,1.0
539,539.0,2021-07-30 00:00:00,633073,1,4,0,"Judge, Aaron",MIA,0,605507,R,1.0
540,540.0,2021-07-31 00:00:00,633092,0,5,0,"Judge, Aaron",MIA,0,669432,L,1.0
541,541.0,2021-08-01 00:00:00,633069,2,4,0,"Judge, Aaron",MIA,0,645261,R,1.0
542,542.0,2021-08-02 00:00:00,633078,0,4,0,"Judge, Aaron",NYY,1,605347,R,1.0
543,543.0,2021-08-03 00:00:00,633023,2,5,1,"Judge, Aaron",NYY,1,649144,L,1.0
544,544.0,2021-08-04 00:00:00,633018,1,5,0,"Judge, Aaron",NYY,1,518774,R,1.0
545,545.0,2021-08-05 00:00:00,633013,1,4,0,"Judge, Aaron",NYY,1,542881,L,1.0
546,546.0,2021-08-06 00:00:00,633062,0,5,0,"Judge, Aaron",NYY,1,594835,L,1.0
547,547.0,2021-08-07 00:00:00,632950,2,4,1,"Judge, Aaron",NYY,1,623167,R,1.0
548,548.0,2021-08-08 00:00:00,632953,0,5,0,"Judge, Aaron",NYY,1,579328,L,1.0
549,549.0,2021-08-09 00:00:00,632979,2,5,0,"Judge, Aaron",KC,0,672578,R,1.0
550,550.0,2021-08-10 00:00:00,632987,1,4,0,"Judge, Aaron",KC,0,663738,L,1.0
551,551.0,2021-08-11 00:00:00,632935,2,5,0,"Judge, Aaron",KC,0,663903,R,1.0
552,552.0,2021-08-12 00:00:00,632924,2,5,2,"Judge, Aaron",CWS,0,458681,R,1.0
553,553.0,2021-08-14 00:00:00,632898,3,5,1,"Judge, Aaron",CWS,0,656302,R,2.0
554,554.0,2021-08-15 00:00:00,632899,0,4,0,"Judge, Aaron",CWS,0,608337,R,1.0
555,555.0,2021-08-16 00:00:00,633421,2,4,0,"Judge, Aaron",NYY,1,660761,L,1.0
556,556.0,2021-08-17 00:00:00,632893,1,3,0,"Judge, Aaron",NYY,1,656557,R,1.0
557,557.0,2021-08-17 00:00:00,633291,0,4,0,"Judge, Aaron",NYY,1,656557,R,1.0
558,558.0,2021-08-18 00:00:00,632852,0,4,0,"Judge, Aaron",NYY,1,601713,R,1.0
559,559.0,2021-08-19 00:00:00,632840,0,4,0,"Judge, Aaron",NYY,1,607231,R,1.0
560,560.0,2021-08-20 00:00:00,632799,1,5,1,"Judge, Aaron",NYY,1,656212,L,1.0
561,561.0,2021-08-21 00:00:00,632821,0,4,0,"Judge, Aaron",NYY,1,628317,R,1.0
562,562.0,2021-08-23 00:00:00,632805,2,4,0,"Judge, Aaron",ATL,0,660623,R,2.0
563,563.0,2021-08-24 00:00:00,632763,2,4,0,"Judge, Aaron",ATL,0,450203,R,1.0
564,564.0,2021-08-26 00:00:00,632749,2,5,0,"Judge, Aaron",OAK,0,621076,R,2.0
565,565.0,2021-08-27 00:00:00,632725,3,5,1,"Judge, Aaron",OAK,0,640455,L,1.0
566,566.0,2021-08-28 00:00:00,632706,3,4,1,"Judge, Aaron",OAK,0,593423,R,1.0
567,567.0,2021-08-29 00:00:00,632700,0,4,0,"Judge, Aaron",OAK,0,621112,R,1.0
568,568.0,2021-08-30 00:00:00,632690,2,5,0,"Judge, Aaron",LAA,0,594577,R,1.0
569,569.0,2021-08-31 00:00:00,632675,3,4,0,"Judge, Aaron",LAA,0,642545,R,1.0
570,570.0,2021-09-01 00:00:00,632655,2,4,1,"Judge, Aaron",LAA,0,676050,L,1.0
571,571.0,2021-09-03 00:00:00,632642,1,5,0,"Judge, Aaron",NYY,1,607644,L,2.0
572,572.0,2021-09-04 00:00:00,632622,1,4,0,"Judge, Aaron",NYY,1,595939,R,1.0
573,573.0,2021-09-05 00:00:00,632582,0,5,0,"Judge, Aaron",NYY,1,669211,L,1.0
574,574.0,2021-09-06 00:00:00,632593,0,4,0,"Judge, Aaron",NYY,1,547943,L,1.0
575,575.0,2021-09-07 00:00:00,632577,0,4,0,"Judge, Aaron",NYY,1,571927,L,1.0
576,576.0,2021-09-08 00:00:00,632567,1,4,0,"Judge, Aaron",NYY,1,666201,R,1.0
577,577.0,2021-09-09 00:00:00,632546,3,4,0,"Judge, Aaron",NYY,1,621244,R,1.0
578,578.0,2021-09-10 00:00:00,632552,0,4,0,"Judge, Aaron",NYM,0,656731,R,1.0
579,579.0,2021-09-11 00:00:00,632551,2,4,2,"Judge, Aaron",NYM,0,592836,R,1.0
580,580.0,2021-09-12 00:00:00,632522,0,2,0,"Judge, Aaron",NYM,0,471911,R,1.0
581,581.0,2021-09-13 00:00:00,632730,1,4,1,"Judge, Aaron",NYY,1,607231,R,1.0
582,582.0,2021-09-14 00:00:00,632500,1,5,1,"Judge, Aaron",BAL,0,649144,L,1.0
583,583.0,2021-09-15 00:00:00,632494,0,5,0,"Judge, Aaron",BAL,0,607644,L,1.0
584,584.0,2021-09-16 00:00:00,632452,0,5,0,"Judge, Aaron",BAL,0,595939,R,1.0
585,585.0,2021-09-17 00:00:00,632458,2,4,1,"Judge, Aaron",NYY,1,668676,R,1.0
586,586.0,2021-09-18 00:00:00,632441,0,4,0,"Judge, Aaron",NYY,1,650644,R,1.0
587,587.0,2021-09-19 00:00:00,632380,0,4,0,"Judge, Aaron",NYY,1,669212,R,1.0
588,588.0,2021-09-20 00:00:00,632414,2,4,0,"Judge, Aaron",NYY,1,669935,R,1.0
589,589.0,2021-09-21 00:00:00,632396,2,4,1,"Judge, Aaron",NYY,1,641540,R,1.0
590,590.0,2021-09-22 00:00:00,632381,0,4,0,"Judge, Aaron",NYY,1,621368,L,1.0
591,591.0,2021-09-24 00:00:00,632373,1,5,0,"Judge, Aaron",BOS,0,543135,R,2.0
592,592.0,2021-09-25 00:00:00,632354,0,4,0,"Judge, Aaron",BOS,0,601713,R,1.0
593,593.0,2021-09-26 00:00:00,632345,1,4,0,"Judge, Aaron",BOS,0,593958,L,1.0
594,594.0,2021-09-28 00:00:00,632288,2,5,1,"Judge, Aaron",TOR,0,547943,L,2.0
595,595.0,2021-09-29 00:00:00,632296,0,4,0,"Judge, Aaron",TOR,0,621244,R,1.0
596,596.0,2021-09-30 00:00:00,632280,2,4,2,"Judge, Aaron",TOR,0,592662,L,1.0
597,597.0,2021-10-01 00:00:00,632282,1,4,0,"Judge, Aaron",NYY,1,663556,L,1.0
598,598.0,2021-10-02 00:00:00,632259,1,4,0,"Judge, Aaron",NYY,1,669358,R,1.0
599,599.0,2021-10-03 00:00:00,632239,1,4,0,"Judge, Aaron",NYY,1,608379,R,1.0
600,600.0,2021-10-05 00:00:00,660938,1,4,0,"Judge, Aaron",BOS,0,543135,R,2.0
601,601.0,2022-04-02 00:00:00,706885,2,4,1,"Judge, Aaron",NYY,1,675911,R,
602,602.0,2022-04-04 00:00:00,706884,3,4,1,"Judge, Aaron",NYY,1,502043,R,
603,603.0,2022-04-05 00:00:00,706883,1,3,0,"Judge, Aaron",NYY,1,666159,R,
604,604.0,2022-04-08 00:00:00,661333,2,5,0,"Judge, Aaron",NYY,1,543135,R,
605,605.0,2022-04-09 00:00:00,661332,0,4,0,"Judge, Aaron",NYY,1,601713,R,1.0
606,606.0,2022-04-10 00:00:00,661316,2,5,0,"Judge, Aaron",NYY,1,656557,R,1.0
607,607.0,2022-04-11 00:00:00,661315,0,4,0,"Judge, Aaron",NYY,1,666201,R,1.0
608,608.0,2022-04-12 00:00:00,661314,1,4,0,"Judge, Aaron",NYY,1,579328,L,1.0
609,609.0,2022-04-13 00:00:00,661313,2,5,1,"Judge, Aaron",NYY,1,621244,R,1.0
610,610.0,2022-04-14 00:00:00,661312,1,4,0,"Judge, Aaron",NYY,1,592332,R,1.0
611,611.0,2022-04-15 00:00:00,663357,0,1,0,"Judge, Aaron",BAL,0,641329,R,1.0
612,612.0,2022-04-16 00:00:00,663266,1,5,0,"Judge, Aaron",BAL,0,669330,R,1.0
613,613.0,2022-04-17 00:00:00,663365,0,4,0,"Judge, Aaron",BAL,0,669145,L,1.0
614,614.0,2022-04-19 00:00:00,662896,1,5,0,"Judge, Aaron",DET,0,641302,L,2.0
615,615.0,2022-04-20 00:00:00,662861,1,4,0,"Judge, Aaron",DET,0,593958,L,1.0
616,616.0,2022-04-21 00:00:00,662850,1,4,0,"Judge, Aaron",DET,0,501381,R,1.0
617,617.0,2022-04-22 00:00:00,661311,2,4,2,"Judge, Aaron",NYY,1,669212,R,1.0
618,618.0,2022-04-23 00:00:00,661310,0,4,0,"Judge, Aaron",NYY,1,615698,R,1.0
619,619.0,2022-04-24 00:00:00,661317,1,4,0,"Judge, Aaron",NYY,1,650644,R,1.0
620,620.0,2022-04-26 00:00:00,661309,2,5,1,"Judge, Aaron",NYY,1,543475,R,2.0
621,621.0,2022-04-27 00:00:00,661306,2,4,0,"Judge, Aaron",NYY,1,669330,R,1.0
622,622.0,2022-04-28 00:00:00,661305,2,5,1,"Judge, Aaron",NYY,1,669145,L,1.0
623,623.0,2022-04-29 00:00:00,662741,1,4,1,"Judge, Aaron",KC,0,663460,L,1.0
624,624.0,2022-05-01 00:00:00,662691,2,5,2,"Judge, Aaron",KC,0,663738,L,2.0
625,625.0,2022-05-02 00:00:00,661823,1,4,0,"Judge, Aaron",TOR,0,548389,R,1.0
626,626.0,2022-05-03 00:00:00,661796,2,5,1,"Judge, Aaron",TOR,0,666201,R,1.0
627,627.0,2022-05-04 00:00:00,661795,0,4,0,"Judge, Aaron",TOR,0,579328,L,1.0
628,628.0,2022-05-08 00:00:00,661302,1,4,0,"Judge, Aaron",NYY,1,657248,R,0.0
629,629.0,2022-05-08 00:00:00,661304,0,4,0,"Judge, Aaron",NYY,1,657248,R,0.0
630,630.0,2022-05-09 00:00:00,661303,1,4,0,"Judge, Aaron",NYY,1,592351,R,1.0
631,631.0,2022-05-10 00:00:00,661301,2,5,1,"Judge, Aaron",NYY,1,579328,L,1.0
632,632.0,2022-05-11 00:00:00,661300,1,4,0,"Judge, Aaron",NYY,1,621244,R,1.0
633,633.0,2022-05-12 00:00:00,661519,2,6,1,"Judge, Aaron",CWS,0,656302,R,1.0
634,634.0,2022-05-13 00:00:00,661491,2,5,1,"Judge, Aaron",CWS,0,592826,R,1.0
635,635.0,2022-05-14 00:00:00,661490,1,4,0,"Judge, Aaron",CWS,0,572971,L,1.0
636,636.0,2022-05-15 00:00:00,661489,0,4,0,"Judge, Aaron",CWS,0,656629,R,1.0
637,637.0,2022-05-17 00:00:00,661342,4,5,2,"Judge, Aaron",BAL,0,657093,R,2.0
638,638.0,2022-05-18 00:00:00,661344,0,4,0,"Judge, Aaron",BAL,0,543475,R,1.0
639,639.0,2022-05-19 00:00:00,661347,1,5,0,"Judge, Aaron",BAL,0,669145,L,1.0
640,640.0,2022-05-21 00:00:00,661289,1,4,0,"Judge, Aaron",NYY,1,572971,L,2.0
641,641.0,2022-05-22 00:00:00,661288,3,4,1,"Judge, Aaron",NYY,1,456501,R,1.0
642,642.0,2022-05-22 00:00:00,661290,1,4,0,"Judge, Aaron",NYY,1,456501,R,1.0
643,643.0,2022-05-23 00:00:00,661287,2,4,2,"Judge, Aaron",NYY,1,543475,R,1.0
644,644.0,2022-05-24 00:00:00,661285,0,5,0,"Judge, Aaron",NYY,1,669145,L,1.0
645,645.0,2022-05-25 00:00:00,661286,1,4,0,"Judge, Aaron",NYY,1,669330,R,1.0
646,646.0,2022-05-26 00:00:00,662051,1,5,0,"Judge, Aaron",TB,0,642232,L,1.0
647,647.0,2022-05-27 00:00:00,661960,0,4,0,"Judge, Aaron",TB,0,605488,L,1.0
648,648.0,2022-05-28 00:00:00,661933,1,4,0,"Judge, Aaron",TB,0,446372,R,1.0
649,649.0,2022-05-29 00:00:00,661910,2,4,1,"Judge, Aaron",TB,0,663556,L,1.0
650,650.0,2022-05-31 00:00:00,661331,0,5,0,"Judge, Aaron",NYY,1,592789,R,2.0
651,651.0,2022-06-02 00:00:00,661329,0,4,0,"Judge, Aaron",NYY,1,660271,R,2.0
652,652.0,2022-06-02 00:00:00,661330,2,4,1,"Judge, Aaron",NYY,1,660271,R,2.0
653,653.0,2022-06-03 00:00:00,661318,4,5,1,"Judge, Aaron",NYY,1,660730,R,1.0
654,654.0,2022-06-04 00:00:00,661278,1,4,1,"Judge, Aaron",NYY,1,689225,R,1.0
655,655.0,2022-06-05 00:00:00,661277,1,5,0,"Judge, Aaron",NYY,1,665621,R,1.0
656,656.0,2022-06-07 00:00:00,661693,2,6,1,"Judge, Aaron",MIN,0,663485,R,2.0
657,657.0,2022-06-08 00:00:00,661681,0,4,0,"Judge, Aaron",MIN,0,502042,R,1.0
658,658.0,2022-06-09 00:00:00,661697,1,5,0,"Judge, Aaron",MIN,0,605164,R,1.0
659,659.0,2022-06-10 00:00:00,661284,1,4,0,"Judge, Aaron",NYY,1,489119,L,1.0
660,660.0,2022-06-11 00:00:00,661276,2,4,2,"Judge, Aaron",NYY,1,664161,R,1.0
661,661.0,2022-06-12 00:00:00,661270,3,6,0,"Judge, Aaron",NYY,1,624522,R,1.0
662,662.0,2022-06-14 00:00:00,661328,0,4,0,"Judge, Aaron",NYY,1,446372,R,2.0
663,663.0,2022-06-15 00:00:00,661327,1,3,1,"Judge, Aaron",NYY,1,663556,L,1.0
664,664.0,2022-06-16 00:00:00,661326,0,4,0,"Judge, Aaron",NYY,1,656222,L,1.0
665,665.0,2022-06-17 00:00:00,661742,2,5,0,"Judge, Aaron",TOR,0,548389,R,1.0
666,666.0,2022-06-18 00:00:00,661748,0,5,0,"Judge, Aaron",TOR,0,666201,R,1.0
667,667.0,2022-06-19 00:00:00,661741,1,5,0,"Judge, Aaron",TOR,0,579328,L,1.0
668,668.0,2022-06-20 00:00:00,661893,0,4,0,"Judge, Aaron",TB,0,663556,L,1.0
669,669.0,2022-06-21 00:00:00,661890,0,1,0,"Judge, Aaron",TB,0,621363,L,1.0
670,670.0,2022-06-22 00:00:00,661889,2,5,2,"Judge, Aaron",TB,0,669358,R,1.0
671,671.0,2022-06-23 00:00:00,661325,2,5,0,"Judge, Aaron",NYY,1,664285,L,1.0
672,672.0,2022-06-24 00:00:00,661274,0,4,0,"Judge, Aaron",NYY,1,434378,R,1.0
673,673.0,2022-06-25 00:00:00,661271,0,4,0,"Judge, Aaron",NYY,1,664299,R,1.0
674,674.0,2022-06-26 00:00:00,661273,1,5,1,"Judge, Aaron",NYY,1,664353,R,1.0
675,675.0,2022-06-27 00:00:00,661275,1,5,0,"Judge, Aaron",NYY,1,621112,R,1.0
676,676.0,2022-06-28 00:00:00,661272,0,4,0,"Judge, Aaron",NYY,1,593423,R,1.0
677,677.0,2022-06-29 00:00:00,661263,1,4,1,"Judge, Aaron",NYY,1,608344,L,1.0
678,678.0,2022-06-30 00:00:00,662788,0,4,0,"Judge, Aaron",HOU,0,677651,R,1.0
679,679.0,2022-07-02 00:00:00,662954,0,4,0,"Judge, Aaron",CLE,0,668948,L,2.0
680,680.0,2022-07-02 00:00:00,662964,1,5,0,"Judge, Aaron",CLE,0,668948,L,2.0
681,681.0,2022-07-03 00:00:00,662957,0,1,0,"Judge, Aaron",CLE,0,661403,R,1.0
682,682.0,2022-07-05 00:00:00,662329,1,5,0,"Judge, Aaron",PIT,0,500779,L,2.0
683,683.0,2022-07-06 00:00:00,662328,3,5,1,"Judge, Aaron",PIT,0,656605,R,1.0
684,684.0,2022-07-08 00:00:00,663202,0,6,0,"Judge, Aaron",BOS,0,657756,R,2.0
685,685.0,2022-07-09 00:00:00,663223,2,5,0,"Judge, Aaron",BOS,0,676710,R,1.0
686,686.0,2022-07-10 00:00:00,663232,1,5,0,"Judge, Aaron",BOS,0,601713,R,1.0
687,687.0,2022-07-12 00:00:00,661262,0,1,0,"Judge, Aaron",NYY,1,664747,R,2.0
688,688.0,2022-07-13 00:00:00,661269,0,5,0,"Judge, Aaron",NYY,1,501985,L,1.0
689,689.0,2022-07-14 00:00:00,661261,1,5,1,"Judge, Aaron",NYY,1,622491,R,1.0
690,690.0,2022-07-15 00:00:00,661260,0,5,0,"Judge, Aaron",NYY,1,543135,R,1.0
691,691.0,2022-07-16 00:00:00,661259,3,4,2,"Judge, Aaron",NYY,1,601713,R,1.0
692,692.0,2022-07-17 00:00:00,661258,2,4,0,"Judge, Aaron",NYY,1,519242,L,1.0
693,693.0,2022-07-21 00:00:00,662775,1,5,1,"Judge, Aaron",HOU,0,677651,R,0.0
694,694.0,2022-07-21 00:00:00,662776,0,4,0,"Judge, Aaron",HOU,0,677651,R,0.0
695,695.0,2022-07-22 00:00:00,661072,2,4,2,"Judge, Aaron",BAL,0,669330,R,1.0
696,696.0,2022-07-23 00:00:00,661057,4,5,0,"Judge, Aaron",BAL,0,543475,R,1.0
697,697.0,2022-07-24 00:00:00,661056,2,5,1,"Judge, Aaron",BAL,0,665152,R,1.0
698,698.0,2022-07-26 00:00:00,662438,2,5,1,"Judge, Aaron",NYM,0,592836,R,2.0
699,699.0,2022-07-27 00:00:00,662420,0,5,0,"Judge, Aaron",NYM,0,453286,R,1.0
700,700.0,2022-07-28 00:00:00,661257,1,4,1,"Judge, Aaron",NYY,1,663903,R,1.0
701,701.0,2022-07-29 00:00:00,661256,3,5,2,"Judge, Aaron",NYY,1,663460,L,1.0
702,702.0,2022-07-30 00:00:00,661255,2,5,1,"Judge, Aaron",NYY,1,669169,R,1.0
703,703.0,2022-07-31 00:00:00,661254,0,5,0,"Judge, Aaron",NYY,1,425844,R,1.0
704,704.0,2022-08-01 00:00:00,661268,2,4,1,"Judge, Aaron",NYY,1,594835,L,1.0
705,705.0,2022-08-02 00:00:00,661253,0,5,0,"Judge, Aaron",NYY,1,669302,R,1.0
706,706.0,2022-08-05 00:00:00,661946,2,5,0,"Judge, Aaron",STL,0,641712,R,3.0
707,707.0,2022-08-06 00:00:00,661949,1,4,0,"Judge, Aaron",STL,0,656756,L,1.0
708,708.0,2022-08-07 00:00:00,661948,2,6,0,"Judge, Aaron",STL,0,425794,R,1.0
709,709.0,2022-08-08 00:00:00,662152,2,5,1,"Judge, Aaron",SEA,0,669302,R,1.0
710,710.0,2022-08-09 00:00:00,662148,1,4,0,"Judge, Aaron",SEA,0,622491,R,1.0
711,711.0,2022-08-10 00:00:00,662185,1,4,1,"Judge, Aaron",SEA,0,592662,L,1.0
712,712.0,2022-08-12 00:00:00,663177,1,5,1,"Judge, Aaron",BOS,0,543135,R,2.0
713,713.0,2022-08-13 00:00:00,663176,0,4,0,"Judge, Aaron",BOS,0,676710,R,1.0
714,714.0,2022-08-14 00:00:00,663175,0,4,0,"Judge, Aaron",BOS,0,608379,R,1.0
715,715.0,2022-08-15 00:00:00,661283,1,4,0,"Judge, Aaron",NYY,1,656222,L,1.0
716,716.0,2022-08-16 00:00:00,661250,0,4,0,"Judge, Aaron",NYY,1,605488,L,1.0
717,717.0,2022-08-17 00:00:00,661266,1,5,0,"Judge, Aaron",NYY,1,446372,R,1.0
718,718.0,2022-08-18 00:00:00,661265,0,4,0,"Judge, Aaron",NYY,1,621244,R,1.0
719,719.0,2022-08-19 00:00:00,661319,0,4,0,"Judge, Aaron",NYY,1,592332,R,1.0
720,720.0,2022-08-20 00:00:00,661240,2,4,0,"Judge, Aaron",NYY,1,669952,R,1.0
721,721.0,2022-08-21 00:00:00,661239,0,4,0,"Judge, Aaron",NYY,1,666201,R,1.0
722,722.0,2022-08-22 00:00:00,661238,2,4,1,"Judge, Aaron",NYY,1,453286,R,1.0
723,723.0,2022-08-23 00:00:00,661237,2,4,1,"Judge, Aaron",NYY,1,592836,R,1.0
724,724.0,2022-08-25 00:00:00,662337,1,5,0,"Judge, Aaron",OAK,0,621076,R,2.0
725,725.0,2022-08-26 00:00:00,662342,1,4,1,"Judge, Aaron",OAK,0,676664,L,1.0
726,726.0,2022-08-27 00:00:00,662336,0,4,0,"Judge, Aaron",OAK,0,670124,R,1.0
727,727.0,2022-08-28 00:00:00,662335,0,4,0,"Judge, Aaron",OAK,0,661309,R,1.0
728,728.0,2022-08-29 00:00:00,663424,1,2,1,"Judge, Aaron",LAA,0,660761,L,1.0
729,729.0,2022-08-30 00:00:00,663437,3,5,1,"Judge, Aaron",LAA,0,594577,R,1.0
730,730.0,2022-08-31 00:00:00,663410,0,4,0,"Judge, Aaron",LAA,0,663776,L,1.0
731,731.0,2022-09-02 00:00:00,661855,0,4,0,"Judge, Aaron",TB,0,605488,L,2.0
732,732.0,2022-09-03 00:00:00,661854,2,4,1,"Judge, Aaron",TB,0,446372,R,1.0
733,733.0,2022-09-04 00:00:00,661853,3,5,1,"Judge, Aaron",TB,0,542888,R,1.0
734,734.0,2022-09-05 00:00:00,661236,2,4,1,"Judge, Aaron",NYY,1,502042,R,1.0
735,735.0,2022-09-07 00:00:00,661235,0,4,0,"Judge, Aaron",NYY,1,657746,R,0.0
736,736.0,2022-09-07 00:00:00,661251,1,3,1,"Judge, Aaron",NYY,1,657746,R,0.0
737,737.0,2022-09-08 00:00:00,661252,2,4,0,"Judge, Aaron",NYY,1,543243,R,1.0
738,738.0,2022-09-09 00:00:00,661234,2,5,0,"Judge, Aaron",NYY,1,656876,R,1.0
739,739.0,2022-09-10 00:00:00,661282,3,4,0,"Judge, Aaron",NYY,1,446372,R,1.0
740,740.0,2022-09-11 00:00:00,661232,1,5,0,"Judge, Aaron",NYY,1,672715,R,1.0
741,741.0,2022-09-13 00:00:00,663160,3,4,2,"Judge, Aaron",BOS,0,601713,R,2.0
742,742.0,2022-09-14 00:00:00,663159,1,5,0,"Judge, Aaron",BOS,0,678394,R,1.0
743,743.0,2022-09-16 00:00:00,661164,2,4,0,"Judge, Aaron",MIL,0,605288,R,2.0
744,744.0,2022-09-17 00:00:00,661163,1,4,0,"Judge, Aaron",MIL,0,605540,R,1.0
745,745.0,2022-09-18 00:00:00,661162,4,6,2,"Judge, Aaron",MIL,0,669920,R,1.0
746,746.0,2022-09-20 00:00:00,661229,1,5,1,"Judge, Aaron",NYY,1,682847,R,2.0
747,747.0,2022-09-21 00:00:00,661228,2,5,0,"Judge, Aaron",NYY,1,672710,R,1.0
748,748.0,2022-09-22 00:00:00,661243,0,5,0,"Judge, Aaron",NYY,1,608379,R,1.0
749,749.0,2022-09-23 00:00:00,661222,1,4,0,"Judge, Aaron",NYY,1,448179,L,1.0
750,750.0,2022-09-24 00:00:00,661221,0,4,0,"Judge, Aaron",NYY,1,601713,R,1.0
751,751.0,2022-09-25 00:00:00,661220,1,3,0,"Judge, Aaron",NYY,1,678394,R,1.0
752,752.0,2022-09-26 00:00:00,661768,1,4,0,"Judge, Aaron",TOR,0,592332,R,1.0
753,753.0,2022-09-27 00:00:00,661778,0,5,0,"Judge, Aaron",TOR,0,621244,R,1.0
754,754.0,2022-09-28 00:00:00,661737,1,5,1,"Judge, Aaron",TOR,0,669952,R,1.0
755,755.0,2022-09-30 00:00:00,661218,1,4,0,"Judge, Aaron",NYY,1,543475,R,2.0
756,756.0,2022-10-01 00:00:00,661217,0,5,0,"Judge, Aaron",NYY,1,608723,R,1.0
757,757.0,2022-10-02 00:00:00,661215,0,4,0,"Judge, Aaron",NYY,1,680694,R,1.0
758,758.0,2022-10-03 00:00:00,662044,1,4,0,"Judge, Aaron",TEX,0,527048,L,1.0
759,759.0,2022-10-04 00:00:00,662010,1,2,1,"Judge, Aaron",TEX,0,622786,R,0.0
760,760.0,2022-10-04 00:00:00,662062,1,5,0,"Judge, Aaron",TEX,0,622786,R,0.0
761,761.0,2022-10-11 00:00:00,715753,0,4,0,"Judge, Aaron",NYY,1,615698,R,7.0
762,762.0,2022-10-14 00:00:00,715752,0,5,0,"Judge, Aaron",NYY,1,669456,R,3.0
763,763.0,2022-10-15 00:00:00,715751,1,4,1,"Judge, Aaron",CLE,0,663474,R,1.0
764,764.0,2022-10-16 00:00:00,715750,1,4,0,"Judge, Aaron",CLE,0,615698,R,1.0
765,765.0,2022-10-18 00:00:00,715749,2,4,1,"Judge, Aaron",NYY,1,650644,R,2.0
766,766.0,2022-10-19 00:00:00,715738,0,4,0,"Judge, Aaron",HOU,0,434378,R,1.0
767,767.0,2022-10-20 00:00:00,715737,1,4,0,"Judge, Aaron",HOU,0,664285,L,1.0
768,768.0,2022-10-22 00:00:00,715736,0,4,0,"Judge, Aaron",NYY,1,664299,R,2.0
769,769.0,2022-10-23 00:00:00,715735,0,5,0,"Judge, Aaron",NYY,1,621121,R,1.0
770,770.0,2023-04-01 00:00:00,718762,3,5,0,"Judge, Aaron",NYY,1,502171,R,2.0
771,771.0,2023-04-02 00:00:00,718747,1,4,1,"Judge, Aaron",NYY,1,548389,R,1.0
772,772.0,2023-04-03 00:00:00,718725,1,5,0,"Judge, Aaron",NYY,1,592836,R,1.0
773,773.0,2023-04-04 00:00:00,718710,0,4,0,"Judge, Aaron",NYY,1,621381,L,1.0
774,774.0,2023-04-05 00:00:00,718699,1,4,0,"Judge, Aaron",NYY,1,605400,R,1.0
775,775.0,2023-04-07 00:00:00,718688,0,5,0,"Judge, Aaron",BAL,0,665152,R,2.0
776,776.0,2023-04-08 00:00:00,718664,1,4,0,"Judge, Aaron",BAL,0,608344,L,1.0
777,777.0,2023-04-09 00:00:00,718651,3,4,2,"Judge, Aaron",BAL,0,669330,R,1.0
778,778.0,2023-04-10 00:00:00,718637,0,4,0,"Judge, Aaron",CLE,0,669456,R,1.0
779,779.0,2023-04-11 00:00:00,718626,2,5,0,"Judge, Aaron",CLE,0,683769,R,1.0
780,780.0,2023-04-12 00:00:00,718604,0,4,0,"Judge, Aaron",CLE,0,685410,R,1.0
781,781.0,2023-04-13 00:00:00,718590,0,3,0,"Judge, Aaron",NYY,1,657746,R,1.0
782,782.0,2023-04-14 00:00:00,718588,1,4,1,"Judge, Aaron",NYY,1,686973,R,1.0
783,783.0,2023-04-15 00:00:00,718572,1,4,0,"Judge, Aaron",NYY,1,641816,R,1.0
784,784.0,2023-04-16 00:00:00,718557,0,4,0,"Judge, Aaron",NYY,1,641154,R,1.0
785,785.0,2023-04-18 00:00:00,718529,0,4,0,"Judge, Aaron",NYY,1,660761,L,2.0
786,786.0,2023-04-19 00:00:00,718504,1,4,1,"Judge, Aaron",NYY,1,656288,R,1.0
787,787.0,2023-04-20 00:00:00,718496,1,5,0,"Judge, Aaron",NYY,1,663776,L,1.0
788,788.0,2023-04-21 00:00:00,718487,1,4,0,"Judge, Aaron",NYY,1,579328,L,1.0
789,789.0,2023-04-22 00:00:00,718476,0,4,0,"Judge, Aaron",NYY,1,666201,R,1.0
790,790.0,2023-04-23 00:00:00,718465,0,4,0,"Judge, Aaron",NYY,1,592332,R,1.0
791,791.0,2023-04-24 00:00:00,718442,1,4,0,"Judge, Aaron",MIN,0,543243,R,1.0
792,792.0,2023-04-25 00:00:00,718427,1,4,0,"Judge, Aaron",MIN,0,657746,R,1.0
793,793.0,2023-04-26 00:00:00,718417,3,5,0,"Judge, Aaron",MIN,0,628317,R,1.0
794,794.0,2023-04-27 00:00:00,718397,0,2,0,"Judge, Aaron",TEX,0,571760,L,1.0
795,795.0,2023-05-09 00:00:00,718247,0,5,0,"Judge, Aaron",NYY,1,607968,R,12.0
796,796.0,2023-05-10 00:00:00,718232,3,5,0,"Judge, Aaron",NYY,1,666205,L,1.0
797,797.0,2023-05-11 00:00:00,718219,0,4,0,"Judge, Aaron",NYY,1,656876,R,1.0
798,798.0,2023-05-12 00:00:00,718210,0,4,0,"Judge, Aaron",NYY,1,665001,R,1.0
799,799.0,2023-05-13 00:00:00,718197,2,5,2,"Judge, Aaron",NYY,1,663556,L,1.0
800,800.0,2023-05-14 00:00:00,718180,1,5,0,"Judge, Aaron",NYY,1,621107,R,1.0
801,801.0,2023-05-15 00:00:00,718164,2,5,2,"Judge, Aaron",TOR,0,666201,R,1.0
802,802.0,2023-05-16 00:00:00,718157,1,5,1,"Judge, Aaron",TOR,0,592332,R,1.0
803,803.0,2023-05-17 00:00:00,718134,1,4,0,"Judge, Aaron",TOR,0,605135,R,1.0
804,804.0,2023-05-18 00:00:00,718121,2,4,1,"Judge, Aaron",TOR,0,621244,R,1.0
805,805.0,2023-05-19 00:00:00,718120,1,5,1,"Judge, Aaron",CIN,0,594902,R,1.0
806,806.0,2023-05-20 00:00:00,718095,4,5,0,"Judge, Aaron",CIN,0,596133,R,1.0
807,807.0,2023-05-23 00:00:00,718058,1,5,1,"Judge, Aaron",NYY,1,680694,R,3.0
808,808.0,2023-05-24 00:00:00,718040,0,5,0,"Judge, Aaron",NYY,1,669330,R,1.0
809,809.0,2023-05-25 00:00:00,718029,0,4,0,"Judge, Aaron",NYY,1,502043,R,1.0
810,810.0,2023-05-26 00:00:00,718023,1,4,0,"Judge, Aaron",NYY,1,605397,R,1.0
811,811.0,2023-05-27 00:00:00,718006,1,4,0,"Judge, Aaron",NYY,1,608379,R,1.0
812,812.0,2023-05-28 00:00:00,717995,2,4,1,"Judge, Aaron",NYY,1,506433,R,1.0
813,813.0,2023-05-29 00:00:00,717969,3,5,2,"Judge, Aaron",SEA,0,682243,R,1.0
814,814.0,2023-05-30 00:00:00,717952,1,5,1,"Judge, Aaron",SEA,0,669302,R,1.0
815,815.0,2023-05-31 00:00:00,717939,0,3,0,"Judge, Aaron",SEA,0,669923,R,1.0
816,816.0,2023-06-02 00:00:00,717917,0,4,0,"Judge, Aaron",LAD,0,477132,L,2.0
817,817.0,2023-06-03 00:00:00,717905,1,4,1,"Judge, Aaron",LAD,0,675627,R,1.0
818,818.0,2023-07-28 00:00:00,717237,0,4,0,"Judge, Aaron",BAL,0,680570,R,55.0
819,819.0,2023-07-29 00:00:00,717219,3,5,1,"Judge, Aaron",BAL,0,669330,R,1.0
820,820.0,2023-07-31 00:00:00,717185,0,4,0,"Judge, Aaron",NYY,1,607192,R,2.0
821,821.0,2023-08-01 00:00:00,717175,1,4,0,"Judge, Aaron",NYY,1,621107,R,1.0
822,822.0,2023-08-02 00:00:00,717160,1,4,0,"Judge, Aaron",NYY,1,663556,L,1.0
823,823.0,2023-08-03 00:00:00,717142,0,4,0,"Judge, Aaron",NYY,1,664299,R,1.0
824,824.0,2023-08-04 00:00:00,717138,0,1,0,"Judge, Aaron",NYY,1,593576,R,1.0
825,825.0,2023-08-05 00:00:00,717126,0,4,0,"Judge, Aaron",NYY,1,434378,R,1.0
826,826.0,2023-08-06 00:00:00,717110,0,6,0,"Judge, Aaron",NYY,1,664353,R,1.0
827,827.0,2023-08-07 00:00:00,717088,2,5,0,"Judge, Aaron",CWS,0,656302,R,1.0
828,828.0,2023-08-08 00:00:00,717075,1,5,1,"Judge, Aaron",CWS,0,657053,R,1.0
829,829.0,2023-08-09 00:00:00,717054,1,4,0,"Judge, Aaron",CWS,0,605182,R,1.0
830,830.0,2023-08-11 00:00:00,717047,1,5,1,"Judge, Aaron",MIA,0,666200,L,2.0
831,831.0,2023-08-12 00:00:00,717025,1,4,0,"Judge, Aaron",MIA,0,645261,R,1.0
832,832.0,2023-08-13 00:00:00,717011,0,5,0,"Judge, Aaron",MIA,0,691587,R,1.0
833,833.0,2023-08-14 00:00:00,717001,2,4,0,"Judge, Aaron",ATL,0,608331,L,1.0
834,834.0,2023-08-15 00:00:00,716987,0,4,0,"Judge, Aaron",ATL,0,693821,R,1.0
835,835.0,2023-08-16 00:00:00,716970,1,4,0,"Judge, Aaron",ATL,0,450203,R,1.0
836,836.0,2023-08-18 00:00:00,716953,1,4,1,"Judge, Aaron",NYY,1,678394,R,2.0
837,837.0,2023-08-19 00:00:00,716943,1,4,1,"Judge, Aaron",NYY,1,676710,R,1.0
838,838.0,2023-08-20 00:00:00,716928,0,5,0,"Judge, Aaron",NYY,1,670174,R,1.0
839,839.0,2023-08-22 00:00:00,716900,0,4,0,"Judge, Aaron",NYY,1,680686,R,2.0
840,840.0,2023-08-23 00:00:00,716877,3,4,3,"Judge, Aaron",NYY,1,669022,L,1.0
841,841.0,2023-08-24 00:00:00,716872,1,5,1,"Judge, Aaron",NYY,1,571578,L,1.0
842,842.0,2023-08-25 00:00:00,716854,0,5,0,"Judge, Aaron",TB,0,621107,R,1.0
843,843.0,2023-08-26 00:00:00,716845,0,4,0,"Judge, Aaron",TB,0,607192,R,1.0
844,844.0,2023-08-27 00:00:00,716828,0,4,0,"Judge, Aaron",TB,0,641793,R,1.0
845,845.0,2023-08-28 00:00:00,716808,1,5,1,"Judge, Aaron",DET,0,681857,R,1.0
846,846.0,2023-08-29 00:00:00,716795,1,4,0,"Judge, Aaron",DET,0,669373,L,1.0
847,847.0,2023-08-30 00:00:00,716781,0,5,0,"Judge, Aaron",DET,0,686839,R,1.0
848,848.0,2023-08-31 00:00:00,716775,0,1,0,"Judge, Aaron",DET,0,689225,R,1.0
849,849.0,2023-09-01 00:00:00,716763,2,4,1,"Judge, Aaron",HOU,0,434378,R,1.0
850,850.0,2023-09-02 00:00:00,716746,1,5,1,"Judge, Aaron",HOU,0,686613,R,1.0
851,851.0,2023-09-03 00:00:00,716735,0,4,0,"Judge, Aaron",HOU,0,664299,R,1.0
852,852.0,2023-09-05 00:00:00,716711,1,4,0,"Judge, Aaron",NYY,1,656412,R,2.0
853,853.0,2023-09-06 00:00:00,716694,2,5,0,"Judge, Aaron",NYY,1,666159,R,1.0
854,854.0,2023-09-07 00:00:00,716686,0,4,0,"Judge, Aaron",NYY,1,593958,L,1.0
855,855.0,2023-09-08 00:00:00,716670,1,4,0,"Judge, Aaron",NYY,1,607067,R,1.0
856,856.0,2023-09-09 00:00:00,716659,1,5,0,"Judge, Aaron",NYY,1,489119,L,1.0
857,857.0,2023-09-10 00:00:00,716646,0,4,0,"Judge, Aaron",NYY,1,669203,R,1.0
858,858.0,2023-09-12 00:00:00,716612,0,4,0,"Judge, Aaron",BOS,0,601713,R,2.0
859,859.0,2023-09-12 00:00:00,716628,0,4,0,"Judge, Aaron",BOS,0,601713,R,2.0
860,860.0,2023-09-14 00:00:00,716593,1,4,1,"Judge, Aaron",BOS,0,687798,R,0.0
861,861.0,2023-09-14 00:00:00,716597,0,4,0,"Judge, Aaron",BOS,0,687798,R,0.0
862,862.0,2023-09-15 00:00:00,716579,3,5,0,"Judge, Aaron",PIT,0,670912,R,1.0
863,863.0,2023-09-16 00:00:00,716563,0,5,0,"Judge, Aaron",PIT,0,682847,R,1.0
864,864.0,2023-09-17 00:00:00,716551,0,4,0,"Judge, Aaron",PIT,0,681882,R,1.0
865,865.0,2023-09-19 00:00:00,716520,2,4,0,"Judge, Aaron",NYY,1,579328,L,2.0
866,866.0,2023-09-20 00:00:00,716502,0,4,0,"Judge, Aaron",NYY,1,592332,R,1.0
867,867.0,2023-09-21 00:00:00,716492,2,4,0,"Judge, Aaron",NYY,1,621244,R,1.0
868,868.0,2023-09-22 00:00:00,716480,4,4,3,"Judge, Aaron",NYY,1,694297,R,1.0
869,869.0,2023-09-24 00:00:00,716458,1,5,0,"Judge, Aaron",NYY,1,668678,R,2.0
870,870.0,2023-09-25 00:00:00,716471,0,4,0,"Judge, Aaron",NYY,1,518876,R,1.0
871,871.0,2023-09-27 00:00:00,716413,2,5,2,"Judge, Aaron",TOR,0,621244,R,2.0
872,872.0,2023-09-28 00:00:00,716403,0,3,0,"Judge, Aaron",TOR,0,605135,R,1.0
873,873.0,2023-09-29 00:00:00,716389,1,4,0,"Judge, Aaron",KC,0,543475,R,1.0
874,874.0,2023-09-30 00:00:00,716375,1,5,0,"Judge, Aaron",KC,0,674444,R,1.0
875,875.0,2024-04-01 00:00:00,747218,1,5,0,"Judge, Aaron",AZ,0,669194,R,1.0
876,876.0,2024-04-02 00:00:00,747220,0,4,0,"Judge, Aaron",AZ,0,668678,R,1.0
877,877.0,2024-04-03 00:00:00,747219,2,5,1,"Judge, Aaron",AZ,0,518876,R,1.0
878,878.0,2024-04-05 00:00:00,745764,0,4,0,"Judge, Aaron",NYY,1,579328,L,2.0
879,879.0,2024-04-06 00:00:00,745766,2,5,1,"Judge, Aaron",NYY,1,592332,R,1.0
880,880.0,2024-04-07 00:00:00,745765,0,5,0,"Judge, Aaron",NYY,1,670102,R,1.0
881,881.0,2024-04-08 00:00:00,745761,0,4,0,"Judge, Aaron",NYY,1,666200,L,1.0
882,882.0,2024-04-09 00:00:00,745762,1,4,0,"Judge, Aaron",NYY,1,640462,L,1.0
883,883.0,2024-04-10 00:00:00,745763,0,5,0,"Judge, Aaron",NYY,1,677960,L,1.0
884,884.0,2024-04-13 00:00:00,746656,2,5,0,"Judge, Aaron",CLE,0,663474,R,0.0
885,885.0,2024-04-13 00:00:00,746658,1,5,0,"Judge, Aaron",CLE,0,663474,R,0.0
886,886.0,2024-04-14 00:00:00,746648,1,5,1,"Judge, Aaron",CLE,0,671106,L,1.0
887,887.0,2024-04-15 00:00:00,744951,0,4,0,"Judge, Aaron",TOR,0,605135,R,1.0
888,888.0,2024-04-16 00:00:00,744944,0,4,0,"Judge, Aaron",TOR,0,579328,L,1.0
889,889.0,2024-04-17 00:00:00,744948,1,5,0,"Judge, Aaron",TOR,0,592332,R,1.0
890,890.0,2024-04-19 00:00:00,745758,1,4,0,"Judge, Aaron",NYY,1,641302,L,2.0
891,891.0,2024-04-20 00:00:00,745760,0,4,0,"Judge, Aaron",NYY,1,621107,R,1.0
892,892.0,2024-04-21 00:00:00,745759,1,4,0,"Judge, Aaron",NYY,1,650644,R,1.0
893,893.0,2024-04-22 00:00:00,745757,0,4,0,"Judge, Aaron",NYY,1,676664,L,1.0
894,894.0,2024-04-23 00:00:00,745754,1,4,0,"Judge, Aaron",NYY,1,621112,R,1.0
895,895.0,2024-04-24 00:00:00,745753,2,5,1,"Judge, Aaron",NYY,1,671212,R,1.0
896,896.0,2024-04-25 00:00:00,745755,0,5,0,"Judge, Aaron",NYY,1,622072,L,1.0
897,897.0,2024-04-26 00:00:00,746000,0,4,0,"Judge, Aaron",MIL,0,607067,R,1.0
898,898.0,2024-04-27 00:00:00,745998,2,5,1,"Judge, Aaron",MIL,0,605452,R,1.0
899,899.0,2024-04-28 00:00:00,746001,3,5,1,"Judge, Aaron",MIL,0,668964,R,1.0
900,900.0,2024-04-29 00:00:00,747046,1,4,0,"Judge, Aaron",BAL,0,680570,R,1.0
901,901.0,2024-04-30 00:00:00,747047,0,4,0,"Judge, Aaron",BAL,0,665152,R,1.0
902,902.0,2024-05-01 00:00:00,747048,0,4,0,"Judge, Aaron",BAL,0,669203,R,1.0
903,903.0,2024-05-02 00:00:00,747044,0,4,0,"Judge, Aaron",BAL,0,680694,R,1.0
904,904.0,2024-05-03 00:00:00,745756,1,4,0,"Judge, Aaron",NYY,1,681857,R,1.0
905,905.0,2024-05-04 00:00:00,745750,2,4,0,"Judge, Aaron",NYY,1,663554,R,1.0
906,906.0,2024-05-05 00:00:00,745751,2,4,1,"Judge, Aaron",NYY,1,669373,L,1.0
907,907.0,2024-05-07 00:00:00,745752,1,5,0,"Judge, Aaron",NYY,1,434378,R,2.0
908,908.0,2024-05-08 00:00:00,745749,3,5,1,"Judge, Aaron",NYY,1,681293,R,1.0
909,909.0,2024-05-09 00:00:00,745748,1,4,1,"Judge, Aaron",NYY,1,669854,R,1.0
910,910.0,2024-05-10 00:00:00,745094,0,4,0,"Judge, Aaron",TB,0,671737,R,1.0
911,911.0,2024-05-11 00:00:00,745096,0,4,0,"Judge, Aaron",TB,0,641793,R,1.0
912,912.0,2024-05-12 00:00:00,745092,2,5,1,"Judge, Aaron",TB,0,641302,L,1.0
913,913.0,2024-05-14 00:00:00,745909,1,4,0,"Judge, Aaron",MIN,0,663978,R,2.0
914,914.0,2024-05-15 00:00:00,745908,4,5,1,"Judge, Aaron",MIN,0,641154,R,1.0
915,915.0,2024-05-16 00:00:00,745907,2,4,0,"Judge, Aaron",MIN,0,657746,R,1.0
916,916.0,2024-05-17 00:00:00,745747,1,3,1,"Judge, Aaron",NYY,1,605182,R,1.0
917,917.0,2024-05-18 00:00:00,745744,1,5,0,"Judge, Aaron",NYY,1,641745,R,1.0
918,918.0,2024-05-19 00:00:00,745745,1,4,1,"Judge, Aaron",NYY,1,623167,R,1.0
919,919.0,2024-05-20 00:00:00,745746,2,5,0,"Judge, Aaron",NYY,1,669302,R,1.0
920,920.0,2024-05-21 00:00:00,745742,0,4,0,"Judge, Aaron",NYY,1,693433,R,1.0
921,921.0,2024-05-22 00:00:00,745743,1,4,1,"Judge, Aaron",NYY,1,682243,R,1.0
922,922.0,2024-05-23 00:00:00,745741,2,4,1,"Judge, Aaron",NYY,1,622491,R,1.0
923,923.0,2024-05-24 00:00:00,745415,1,5,1,"Judge, Aaron",SD,0,506433,R,1.0
924,924.0,2024-05-25 00:00:00,745411,2,4,1,"Judge, Aaron",SD,0,656302,R,1.0
925,925.0,2024-05-26 00:00:00,745413,1,4,0,"Judge, Aaron",SD,0,605397,R,1.0
926,926.0,2024-05-28 00:00:00,746229,1,4,0,"Judge, Aaron",LAA,0,656288,R,2.0
927,927.0,2024-05-29 00:00:00,746228,0,5,0,"Judge, Aaron",LAA,0,542881,L,1.0
928,928.0,2024-05-30 00:00:00,746225,1,5,1,"Judge, Aaron",LAA,0,663776,L,1.0
929,929.0,2024-05-31 00:00:00,745331,2,4,2,"Judge, Aaron",SF,0,663855,R,1.0
930,930.0,2024-06-01 00:00:00,745332,2,4,1,"Judge, Aaron",SF,0,657277,R,1.0
931,931.0,2024-06-02 00:00:00,745330,2,5,0,"Judge, Aaron",SF,0,605483,L,1.0
932,932.0,2024-06-04 00:00:00,745739,2,4,0,"Judge, Aaron",NYY,1,641927,R,2.0
933,933.0,2024-06-05 00:00:00,745740,1,4,0,"Judge, Aaron",NYY,1,663978,R,1.0
934,934.0,2024-06-06 00:00:00,745738,0,5,0,"Judge, Aaron",NYY,1,641154,R,1.0
935,935.0,2024-06-07 00:00:00,745737,2,5,0,"Judge, Aaron",NYY,1,808967,R,1.0
936,936.0,2024-06-08 00:00:00,745735,2,5,2,"Judge, Aaron",NYY,1,694813,R,1.0
937,937.0,2024-06-09 00:00:00,745736,3,4,1,"Judge, Aaron",NYY,1,607192,R,1.0
938,938.0,2024-06-11 00:00:00,746296,2,4,1,"Judge, Aaron",KC,0,663903,R,2.0
939,939.0,2024-06-12 00:00:00,746294,1,5,0,"Judge, Aaron",KC,0,656186,R,1.0
940,940.0,2024-06-13 00:00:00,746299,0,4,0,"Judge, Aaron",KC,0,679525,R,1.0
941,941.0,2024-06-14 00:00:00,746947,1,5,0,"Judge, Aaron",BOS,0,678394,R,1.0
942,942.0,2024-06-15 00:00:00,746946,1,5,0,"Judge, Aaron",BOS,0,681867,R,1.0
943,943.0,2024-06-16 00:00:00,746945,1,4,1,"Judge, Aaron",BOS,0,676710,R,1.0
944,944.0,2024-06-18 00:00:00,745733,1,2,0,"Judge, Aaron",NYY,1,544150,R,2.0
945,945.0,2024-06-20 00:00:00,745734,2,3,1,"Judge, Aaron",NYY,1,608344,L,2.0
946,946.0,2024-06-21 00:00:00,745729,0,4,0,"Judge, Aaron",NYY,1,519242,L,1.0
947,947.0,2024-06-22 00:00:00,745731,1,5,1,"Judge, Aaron",NYY,1,450203,R,1.0
948,948.0,2024-06-23 00:00:00,745727,1,4,0,"Judge, Aaron",NYY,1,608331,L,1.0
949,949.0,2024-06-25 00:00:00,745806,2,5,1,"Judge, Aaron",NYM,0,656849,L,2.0
950,950.0,2024-06-26 00:00:00,745808,2,3,1,"Judge, Aaron",NYM,0,640455,L,1.0
951,951.0,2024-06-27 00:00:00,744919,0,4,0,"Judge, Aaron",TOR,0,621244,R,1.0
952,952.0,2024-06-28 00:00:00,744922,3,5,0,"Judge, Aaron",TOR,0,579328,L,1.0
953,953.0,2024-06-29 00:00:00,744921,2,3,0,"Judge, Aaron",TOR,0,605135,R,1.0
954,954.0,2024-06-30 00:00:00,744916,2,5,1,"Judge, Aaron",TOR,0,592332,R,1.0
955,955.0,2024-07-02 00:00:00,745730,3,4,1,"Judge, Aaron",NYY,1,668933,R,2.0
956,956.0,2024-07-03 00:00:00,745728,0,4,0,"Judge, Aaron",NYY,1,671096,L,1.0
957,957.0,2024-07-04 00:00:00,745726,0,4,0,"Judge, Aaron",NYY,1,593423,R,1.0
958,958.0,2024-07-05 00:00:00,745725,0,5,0,"Judge, Aaron",NYY,1,656557,R,1.0
959,959.0,2024-07-06 00:00:00,745724,2,5,0,"Judge, Aaron",NYY,1,670174,R,1.0
960,960.0,2024-07-07 00:00:00,745723,0,4,0,"Judge, Aaron",NYY,1,676710,R,1.0
961,961.0,2024-07-09 00:00:00,745074,1,4,0,"Judge, Aaron",TB,0,686752,R,2.0
962,962.0,2024-07-10 00:00:00,745069,1,4,0,"Judge, Aaron",TB,0,621107,R,1.0
963,963.0,2024-07-11 00:00:00,745065,0,5,0,"Judge, Aaron",TB,0,669358,R,1.0
964,964.0,2024-07-12 00:00:00,747012,1,5,1,"Judge, Aaron",BAL,0,700249,L,1.0
965,965.0,2024-07-13 00:00:00,747013,2,5,1,"Judge, Aaron",BAL,0,680570,R,1.0
966,966.0,2024-07-14 00:00:00,747009,0,5,0,"Judge, Aaron",BAL,0,665152,R,1.0
967,967.0,2024-07-19 00:00:00,745721,2,5,0,"Judge, Aaron",NYY,1,621107,R,5.0
968,968.0,2024-07-20 00:00:00,745720,0,3,0,"Judge, Aaron",NYY,1,671737,R,1.0
969,969.0,2024-07-21 00:00:00,745722,2,5,1,"Judge, Aaron",NYY,1,669358,R,1.0
970,970.0,2024-07-22 00:00:00,745717,2,5,0,"Judge, Aaron",NYY,1,641793,R,1.0
971,971.0,2024-07-23 00:00:00,745715,0,4,0,"Judge, Aaron",NYY,1,500779,L,1.0
972,972.0,2024-07-24 00:00:00,745716,0,4,0,"Judge, Aaron",NYY,1,640455,L,1.0
973,973.0,2024-07-26 00:00:00,746933,1,5,1,"Judge, Aaron",BOS,0,678394,R,2.0
974,974.0,2024-07-27 00:00:00,746931,4,6,1,"Judge, Aaron",BOS,0,676710,R,1.0
975,975.0,2024-07-28 00:00:00,746929,1,5,0,"Judge, Aaron",BOS,0,656557,R,1.0
976,976.0,2024-07-29 00:00:00,745547,2,5,2,"Judge, Aaron",PHI,0,554430,R,1.0
977,977.0,2024-07-30 00:00:00,745546,3,6,0,"Judge, Aaron",PHI,0,605400,R,1.0
978,978.0,2024-07-31 00:00:00,745543,0,4,0,"Judge, Aaron",PHI,0,650911,L,1.0
979,979.0,2024-08-02 00:00:00,745719,2,5,1,"Judge, Aaron",NYY,1,592332,R,2.0
980,980.0,2024-08-03 00:00:00,745714,2,4,1,"Judge, Aaron",NYY,1,621244,R,1.0
981,981.0,2024-08-04 00:00:00,745718,1,2,0,"Judge, Aaron",NYY,1,684320,R,1.0
982,982.0,2024-08-07 00:00:00,745709,2,4,0,"Judge, Aaron",NYY,1,608334,R,0.0
983,983.0,2024-08-07 00:00:00,745713,1,4,0,"Judge, Aaron",NYY,1,608334,R,0.0
984,984.0,2024-08-08 00:00:00,745710,0,4,0,"Judge, Aaron",NYY,1,542881,L,1.0
985,985.0,2024-08-10 00:00:00,745708,0,4,0,"Judge, Aaron",NYY,1,543135,R,2.0
986,986.0,2024-08-10 00:00:00,745712,3,5,0,"Judge, Aaron",NYY,1,543135,R,2.0
987,987.0,2024-08-11 00:00:00,745711,3,3,1,"Judge, Aaron",NYY,1,571760,L,1.0
988,988.0,2024-08-12 00:00:00,746762,2,4,0,"Judge, Aaron",CWS,0,681066,L,1.0
989,989.0,2024-08-13 00:00:00,746757,2,5,0,"Judge, Aaron",CWS,0,686563,R,1.0
990,990.0,2024-08-14 00:00:00,746759,2,5,1,"Judge, Aaron",CWS,0,663436,R,1.0
991,991.0,2024-08-16 00:00:00,746438,1,4,1,"Judge, Aaron",DET,0,689225,R,2.0
992,992.0,2024-08-17 00:00:00,746434,1,4,0,"Judge, Aaron",DET,0,672456,R,1.0
993,993.0,2024-08-18 00:00:00,746431,1,4,0,"Judge, Aaron",DET,0,669373,L,1.0
994,994.0,2024-08-20 00:00:00,745707,2,5,1,"Judge, Aaron",NYY,1,571510,L,2.0
995,995.0,2024-08-21 00:00:00,745704,2,4,2,"Judge, Aaron",NYY,1,676282,L,1.0
996,996.0,2024-08-22 00:00:00,745705,1,4,1,"Judge, Aaron",NYY,1,668909,R,1.0
997,997.0,2024-08-23 00:00:00,745702,1,4,1,"Judge, Aaron",NYY,1,607536,L,1.0
998,998.0,2024-08-24 00:00:00,745703,0,4,0,"Judge, Aaron",NYY,1,687134,R,1.0
999,999.0,2024-08-25 00:00:00,745706,2,5,2,"Judge, Aaron",NYY,1,596295,L,1.0
1000,1000.0,2024-08-26 00:00:00,744813,1,5,0,"Judge, Aaron",WSH,0,680730,L,1.0
1001,1001.0,2024-08-27 00:00:00,744811,1,4,0,"Judge, Aaron",WSH,0,571578,L,1.0
1002,1002.0,2024-08-28 00:00:00,744809,1,4,0,"Judge, Aaron",WSH,0,669022,L,1.0
1003,1003.0,2024-08-30 00:00:00,745700,0,4,0,"Judge, Aaron",NYY,1,607200,R,2.0
1004,1004.0,2024-08-31 00:00:00,745699,1,4,0,"Judge, Aaron",NYY,1,502043,R,1.0
1005,1005.0,2024-09-01 00:00:00,745701,0,5,0,"Judge, Aaron",NYY,1,571945,R,1.0
1006,1006.0,2024-09-02 00:00:00,744972,1,5,0,"Judge, Aaron",TEX,0,683004,R,1.0
1007,1007.0,2024-09-03 00:00:00,744968,1,5,0,"Judge, Aaron",TEX,0,571760,L,1.0
1008,1008.0,2024-09-04 00:00:00,744964,0,4,0,"Judge, Aaron",TEX,0,543135,R,1.0
1009,1009.0,2024-09-06 00:00:00,746832,1,4,0,"Judge, Aaron",CHC,0,696136,L,2.0
1010,1010.0,2024-09-07 00:00:00,746829,0,4,0,"Judge, Aaron",CHC,0,665871,R,1.0
1011,1011.0,2024-09-08 00:00:00,746827,1,4,0,"Judge, Aaron",CHC,0,592791,R,1.0
1012,1012.0,2024-09-09 00:00:00,745698,2,5,0,"Judge, Aaron",NYY,1,663903,R,1.0
1013,1013.0,2024-09-10 00:00:00,745694,0,4,0,"Judge, Aaron",NYY,1,607625,R,1.0
1014,1014.0,2024-09-11 00:00:00,745697,1,4,0,"Judge, Aaron",NYY,1,666142,L,1.0
1015,1015.0,2024-09-12 00:00:00,745695,1,4,0,"Judge, Aaron",NYY,1,681867,R,1.0
1016,1016.0,2024-09-13 00:00:00,745696,2,4,1,"Judge, Aaron",NYY,1,690916,R,1.0
1017,1017.0,2024-09-14 00:00:00,745689,1,4,0,"Judge, Aaron",NYY,1,678394,R,1.0
1018,1018.0,2024-09-15 00:00:00,745693,1,4,1,"Judge, Aaron",NYY,1,676710,R,1.0
1019,1019.0,2024-09-17 00:00:00,745205,2,5,0,"Judge, Aaron",SEA,0,693433,R,2.0
1020,1020.0,2024-09-18 00:00:00,745199,0,3,0,"Judge, Aaron",SEA,0,682243,R,1.0
1021,1021.0,2024-09-19 00:00:00,745204,1,4,0,"Judge, Aaron",SEA,0,669302,R,1.0
1022,1022.0,2024-09-20 00:00:00,745606,0,4,0,"Judge, Aaron",OAK,0,669372,R,1.0
1023,1023.0,2024-09-21 00:00:00,745610,2,4,1,"Judge, Aaron",OAK,0,676664,L,1.0
1024,1024.0,2024-09-22 00:00:00,745608,2,5,1,"Judge, Aaron",OAK,0,683155,R,1.0
1025,1025.0,2024-09-24 00:00:00,745688,1,4,1,"Judge, Aaron",NYY,1,665152,R,2.0
1026,1026.0,2024-09-25 00:00:00,745690,2,5,1,"Judge, Aaron",NYY,1,621107,R,1.0
1027,1027.0,2024-09-26 00:00:00,745691,1,4,1,"Judge, Aaron",NYY,1,669203,R,1.0
1028,1028.0,2024-09-28 00:00:00,745685,0,5,0,"Judge, Aaron",NYY,1,694973,R,2.0
1029,1029.0,2024-10-05 00:00:00,775334,0,5,0,"Judge, Aaron",NYY,1,608379,R,7.0
1030,1030.0,2024-10-07 00:00:00,775332,1,4,0,"Judge, Aaron",NYY,1,666142,L,2.0
1031,1031.0,2024-10-09 00:00:00,775329,0,5,0,"Judge, Aaron",KC,0,607625,R,2.0
1032,1032.0,2024-10-10 00:00:00,775331,1,4,0,"Judge, Aaron",KC,0,608379,R,1.0
1033,1033.0,2024-10-14 00:00:00,775314,0,4,0,"Judge, Aaron",NYY,1,502171,R,4.0
1034,1034.0,2024-10-15 00:00:00,775312,1,4,1,"Judge, Aaron",NYY,1,676440,R,1.0
1035,1035.0,2024-10-17 00:00:00,775310,1,5,1,"Judge, Aaron",CLE,0,571510,L,2.0
1036,1036.0,2024-10-18 00:00:00,775311,1,4,0,"Judge, Aaron",CLE,0,668909,R,1.0
1037,1037.0,2024-10-19 00:00:00,775309,0,5,0,"Judge, Aaron",CLE,0,676440,R,1.0
1038,1038.0,2024-10-25 00:00:00,775300,1,5,0,"Judge, Aaron",LAD,0,656427,R,6.0
1039,1039.0,2024-10-26 00:00:00,775294,0,4,0,"Judge, Aaron",LAD,0,808967,R,1.0
1040,1040.0,2024-10-28 00:00:00,775298,0,4,0,"Judge, Aaron",NYY,1,621111,R,2.0
1041,1041.0,2024-10-29 00:00:00,775297,1,5,0,"Judge, Aaron",NYY,1,676508,R,1.0
1042,1042.0,2024-10-30 00:00:00,775296,2,5,1,"Judge, Aaron",NYY,1,656427,R,1.0
1043,1043.0,2025-04-01 00:00:00,778492,0,4,0,"Judge, Aaron",NYY,1,669203,R,2.0
1044,1044.0,2025-04-02 00:00:00,778484,1,4,0,"Judge, Aaron",NYY,1,668678,R,1.0
1045,1045.0,2025-04-03 00:00:00,778466,3,5,1,"Judge, Aaron",NYY,1,518876,R,1.0
1046,1046.0,2025-04-04 00:00:00,778461,1,6,1,"Judge, Aaron",PIT,0,656605,R,1.0
1047,1047.0,2025-04-05 00:00:00,778449,1,5,0,"Judge, Aaron",PIT,0,663559,L,1.0
1048,1048.0,2025-04-06 00:00:00,778428,0,4,0,"Judge, Aaron",PIT,0,571760,L,1.0
1049,1049.0,2025-04-07 00:00:00,778424,1,4,0,"Judge, Aaron",DET,0,663554,R,1.0
1050,1050.0,2025-04-08 00:00:00,778403,2,4,0,"Judge, Aaron",DET,0,669373,L,1.0
1051,1051.0,2025-04-09 00:00:00,778387,2,5,0,"Judge, Aaron",DET,0,656427,R,1.0
1052,1052.0,2025-04-11 00:00:00,778370,0,3,0,"Judge, Aaron",NYY,1,592662,L,2.0
1053,1053.0,2025-04-12 00:00:00,778355,2,5,0,"Judge, Aaron",NYY,1,663855,R,1.0
1054,1054.0,2025-04-13 00:00:00,778339,1,5,0,"Judge, Aaron",NYY,1,657277,R,1.0
1055,1055.0,2025-04-14 00:00:00,778327,2,4,0,"Judge, Aaron",NYY,1,607625,R,1.0
1056,1056.0,2025-04-15 00:00:00,778312,2,4,0,"Judge, Aaron",NYY,1,608379,R,1.0
1057,1057.0,2025-04-16 00:00:00,778300,3,3,1,"Judge, Aaron",NYY,1,663460,L,1.0
1058,1058.0,2025-04-17 00:00:00,778282,1,5,0,"Judge, Aaron",TB,0,671737,R,1.0
1059,1059.0,2025-04-18 00:00:00,778272,0,4,0,"Judge, Aaron",TB,0,656876,R,1.0
1060,1060.0,2025-04-19 00:00:00,778255,3,5,0,"Judge, Aaron",TB,0,669358,R,1.0
1061,1061.0,2025-04-20 00:00:00,778240,1,4,0,"Judge, Aaron",TB,0,686752,R,1.0
1062,1062.0,2025-04-21 00:00:00,778227,1,5,0,"Judge, Aaron",CLE,0,668909,R,1.0
1063,1063.0,2025-04-22 00:00:00,778218,4,4,0,"Judge, Aaron",CLE,0,676440,R,1.0
1064,1064.0,2025-04-23 00:00:00,778206,2,5,0,"Judge, Aaron",CLE,0,682847,R,1.0
1065,1065.0,2025-04-25 00:00:00,778185,1,5,0,"Judge, Aaron",NYY,1,621244,R,2.0
1066,1066.0,2025-04-27 00:00:00,778156,2,4,0,"Judge, Aaron",NYY,1,605135,R,0.0
1067,1067.0,2025-04-27 00:00:00,778170,1,4,1,"Judge, Aaron",NYY,1,605135,R,0.0
1068,1068.0,2025-04-28 00:00:00,778140,2,5,0,"Judge, Aaron",BAL,0,608372,R,1.0
1069,1069.0,2025-04-29 00:00:00,778133,2,5,1,"Judge, Aaron",BAL,0,502043,R,1.0
1070,1070.0,2025-04-30 00:00:00,778115,3,4,1,"Judge, Aaron",BAL,0,700249,L,1.0
1071,1071.0,2025-05-02 00:00:00,778088,2,4,0,"Judge, Aaron",NYY,1,686752,R,2.0
1072,1072.0,2025-05-03 00:00:00,778074,2,4,1,"Judge, Aaron",NYY,1,641793,R,1.0
1073,1073.0,2025-05-04 00:00:00,778057,1,5,0,"Judge, Aaron",NYY,1,671737,R,1.0
1074,1074.0,2025-05-05 00:00:00,778045,0,4,0,"Judge, Aaron",NYY,1,601713,R,1.0
1075,1075.0,2025-05-06 00:00:00,778041,1,3,1,"Judge, Aaron",NYY,1,650633,R,1.0
1076,1076.0,2025-05-07 00:00:00,778019,0,4,0,"Judge, Aaron",NYY,1,656302,R,1.0
1077,1077.0,2025-05-09 00:00:00,777994,1,4,0,"Judge, Aaron",ATH,0,674370,R,2.0
1078,1078.0,2025-05-10 00:00:00,777972,2,5,2,"Judge, Aaron",ATH,0,676664,L,1.0
1079,1079.0,2025-05-11 00:00:00,777957,4,5,0,"Judge, Aaron",ATH,0,622663,R,1.0
1080,1080.0,2025-05-12 00:00:00,777941,2,6,0,"Judge, Aaron",SEA,0,676106,R,1.0
1081,1081.0,2025-05-13 00:00:00,777926,1,4,0,"Judge, Aaron",SEA,0,693433,R,1.0
1082,1082.0,2025-05-14 00:00:00,777915,2,4,1,"Judge, Aaron",SEA,0,622491,R,1.0
1083,1083.0,2025-05-16 00:00:00,777904,2,5,0,"Judge, Aaron",NYY,1,656731,R,2.0
1084,1084.0,2025-05-17 00:00:00,777888,0,5,0,"Judge, Aaron",NYY,1,656288,R,1.0
1085,1085.0,2025-05-18 00:00:00,777878,1,4,0,"Judge, Aaron",NYY,1,656849,L,1.0
1086,1086.0,2025-05-20 00:00:00,777849,2,4,1,"Judge, Aaron",NYY,1,571578,L,2.0
1087,1087.0,2025-05-21 00:00:00,777835,1,4,0,"Judge, Aaron",NYY,1,594798,R,1.0
1088,1088.0,2025-05-22 00:00:00,777818,0,4,0,"Judge, Aaron",NYY,1,543135,R,1.0
1089,1089.0,2025-05-23 00:00:00,777802,2,4,1,"Judge, Aaron",COL,0,685299,R,1.0
1090,1090.0,2025-05-24 00:00:00,777782,1,4,1,"Judge, Aaron",COL,0,607536,L,1.0
1091,1091.0,2025-05-25 00:00:00,777768,2,4,0,"Judge, Aaron",COL,0,622608,R,1.0
1092,1092.0,2025-05-26 00:00:00,777763,1,4,0,"Judge, Aaron",LAA,0,686799,R,1.0
1093,1093.0,2025-05-27 00:00:00,777745,1,4,0,"Judge, Aaron",LAA,0,542881,L,1.0
1094,1094.0,2025-05-28 00:00:00,777728,0,2,0,"Judge, Aaron",LAA,0,579328,L,1.0
1095,1095.0,2025-05-30 00:00:00,777708,2,5,1,"Judge, Aaron",LAD,0,664062,R,2.0
1096,1096.0,2025-05-31 00:00:00,777698,3,4,2,"Judge, Aaron",LAD,0,689017,R,1.0
1097,1097.0,2025-06-01 00:00:00,777682,0,5,0,"Judge, Aaron",LAD,0,808967,R,1.0
1098,1098.0,2025-06-03 00:00:00,777664,0,4,0,"Judge, Aaron",NYY,1,676440,R,2.0
1099,1099.0,2025-06-04 00:00:00,777653,2,4,0,"Judge, Aaron",NYY,1,682847,R,1.0
1100,1100.0,2025-06-05 00:00:00,777644,1,3,0,"Judge, Aaron",NYY,1,677944,R,1.0
1101,1101.0,2025-06-06 00:00:00,777627,3,5,0,"Judge, Aaron",NYY,1,621111,R,1.0
1102,1102.0,2025-06-07 00:00:00,777605,0,4,0,"Judge, Aaron",NYY,1,676979,L,1.0
1103,1103.0,2025-06-08 00:00:00,777593,3,5,2,"Judge, Aaron",NYY,1,690928,R,1.0
1104,1104.0,2025-06-10 00:00:00,777572,2,5,1,"Judge, Aaron",KC,0,702070,L,2.0
1105,1105.0,2025-06-11 00:00:00,777551,1,5,1,"Judge, Aaron",KC,0,663460,L,1.0
1106,1106.0,2025-06-12 00:00:00,777536,0,1,0,"Judge, Aaron",KC,0,668674,R,1.0
1107,1107.0,2025-06-13 00:00:00,777537,1,4,1,"Judge, Aaron",BOS,0,676979,L,1.0
1108,1108.0,2025-06-14 00:00:00,777516,0,4,0,"Judge, Aaron",BOS,0,690928,R,1.0
1109,1109.0,2025-06-15 00:00:00,777500,0,4,0,"Judge, Aaron",BOS,0,678394,R,1.0
1110,1110.0,2025-06-16 00:00:00,777487,1,3,0,"Judge, Aaron",NYY,1,667755,R,1.0
1111,1111.0,2025-06-17 00:00:00,777476,0,4,0,"Judge, Aaron",NYY,1,543294,R,
1112,,2025-06-18,777466,0,4,0,"Judge, Aaron",NYY,1,686799,R,1.0
1113,,2025-06-19,777449,1,4,0,"Judge, Aaron",NYY,1,542881,L,
